Treatment,Nucleus Mean Intensity,Nucleus Area Size,Nucleus Roundness,Nucleus Texture Variance,Texture_Variance_DNA_3_00_256,Texture_Variance_DNA_3_01_256,Texture_Variance_DNA_3_02_256,Texture_Variance_DNA_3_03_256
control,0.033440148,20197,0.848029958,2.110973645,2.139590629,2.129798986,2.10476383,2.069741136
control,0.019537162,16272,0.655986139,0.22230959,0.223483842,0.221414859,0.223310461,0.221029198
control,0.027782653,17199,0.599217674,3.679868368,3.698930646,3.686680741,3.713628088,3.620233997
control,0.038014962,13808,0.667604235,4.046382298,4.06543507,4.10297536,4.091625776,3.925492987
control,0.034048465,13456,0.789962858,2.661576269,2.664115468,2.608567682,2.773345697,2.600276229
control,0.027666117,22892,0.838793228,1.115814151,1.118751136,1.117989045,1.116256641,1.11025978
control,0.023112762,18927,0.666768917,0.556047151,0.556964268,0.556027345,0.557692426,0.553504566
control,0.039567105,20003,0.695283704,4.023119315,4.045909005,3.934526437,4.094628551,4.017413266
control,0.032838528,14911,0.601438311,1.864672129,1.872656199,1.82386444,1.903530646,1.858637232
control,0.020476497,15877,0.774458815,0.293655419,0.293225534,0.293666594,0.292921354,0.294808192
control,0.039859374,16758,0.360595306,3.654767867,3.687808691,3.619021103,3.716572868,3.595668807
control,0.0271482,11667,0.765517704,0.619021305,0.617020812,0.614827691,0.630133619,0.614103099
control,0.030154748,24389,0.838543472,3.058165396,3.05618146,3.037511299,3.079124157,3.05984467
control,0.027998408,19032,0.614763965,0.831660906,0.834534411,0.825940567,0.840234215,0.825934432
control,0.045883298,19354,0.550029468,6.212381221,6.35601453,6.063838602,6.284137506,6.145534248
control,0.033366561,16843,0.422507492,6.467797795,6.463178341,6.475647863,6.458472982,6.473891993
control,0.037352779,23680,0.701202884,6.980325493,7.043459951,6.937583363,7.001705708,6.938552952
control,0.024059431,14461,0.615508986,0.716768461,0.724196292,0.714535565,0.720826043,0.707515944
control,0.028853808,12997,0.211672871,7.154419438,7.149658861,7.161596527,7.148508816,7.157913549
control,0.028535932,15460,0.469232443,1.480020833,1.485797945,1.465286846,1.490104302,1.478894238
control,0.024964985,16859,0.639582585,1.573511228,1.584284668,1.546295907,1.585632716,1.577831621
control,0.028138326,17363,0.581553475,0.866104835,0.872792754,0.862899988,0.868665994,0.860060605
control,0.031588172,15597,0.670498264,1.338320343,1.371299976,1.295665934,1.348480444,1.337835019
control,0.023817053,16734,0.681229614,1.04016383,1.060530938,1.018689008,1.042301988,1.039133388
control,0.018732958,14677,0.531959145,0.27426166,0.274074732,0.273254482,0.275101785,0.27461564
control,0.03144276,14932,0.651116345,1.852617543,1.85817449,1.801849246,1.905220227,1.845226208
control,0.027364986,15408,0.812812671,1.538258474,1.536795121,1.538374611,1.547635546,1.530228617
control,0.027906629,18666,0.528547846,1.614989764,1.619825293,1.586095704,1.645302717,1.608735341
control,0.023943661,18438,0.768618853,0.792711767,0.787755522,0.782651186,0.811599929,0.788840431
control,0.015800125,15188,0.626403447,0.123182426,0.124301259,0.123032939,0.122524215,0.122871291
control,0.017306268,17684,0.592831992,0.280685973,0.27956863,0.281272749,0.281572868,0.280329645
control,0.024595241,22065,0.87428372,0.715477054,0.730367931,0.705718399,0.714194634,0.711627252
control,0.02904995,21083,0.748999773,1.372153476,1.385690523,1.332787621,1.383787786,1.386347972
control,0.028735283,21500,0.592994633,4.097510984,4.101529225,4.098766557,4.100123137,4.089625017
control,0.03337447,19844,0.504598864,1.80735626,1.818288657,1.809518907,1.809904889,1.791712589
control,0.020822504,12326,0.610842594,0.304471446,0.301975551,0.305446489,0.310021345,0.300442399
control,0.031285049,18503,0.750900419,1.54004007,1.571268846,1.54758892,1.54413841,1.497164106
control,0.035425895,12055,0.751142404,3.218903281,3.2192146,3.1706253,3.310565221,3.175208005
control,0.040653061,12623,0.436303625,32.19212096,32.12459988,32.22221545,32.14056974,32.28109877
control,0.030138566,19610,0.608234364,0.972792018,0.972138916,0.967277894,0.984177828,0.967573434
control,0.016856308,11660,0.88469675,0.20626695,0.204946951,0.206601143,0.2061435,0.207376205
control,0.02802799,20256,0.628941355,1.350541139,1.36314613,1.359421052,1.356726294,1.322871082
control,0.01393015,14463,0.771050504,0.244346954,0.244357931,0.244242106,0.244412233,0.244375546
control,0.028996147,22216,0.332020128,2.041265843,2.045496435,2.040122113,2.044275349,2.035169476
control,0.024289683,23995,0.689861278,0.665583963,0.662376562,0.662404976,0.67837387,0.659180444
control,0.021681563,17403,0.556706591,0.63459467,0.641480782,0.637511884,0.638482723,0.620903292
control,0.030004461,11646,0.214329121,12.07703265,12.06689097,12.08238921,12.07425485,12.08459557
control,0.014601228,23493,0.688452279,0.25833851,0.260517271,0.257431165,0.258573286,0.25683232
control,0.026283475,22632,0.497016029,1.219175889,1.236623811,1.213172021,1.239957105,1.186950621
control,0.021582085,14379,0.556779015,0.586540055,0.587971885,0.584124023,0.589048108,0.585016205
control,0.017141269,16328,0.72019635,0.360529321,0.367065198,0.36516841,0.360017363,0.349866313
control,0.025857936,14037,0.652017912,0.500195522,0.499310918,0.503294841,0.501382357,0.496793971
control,0.029804331,12579,0.767498546,0.836603468,0.838620823,0.814955343,0.850964823,0.841872882
control,0.022825551,15661,0.507696084,1.993617666,1.995092415,2.000851438,1.985451635,1.993075175
control,0.022793687,12577,0.827970511,0.477348112,0.485791934,0.48503105,0.482823018,0.455746446
control,0.026480595,12995,0.539806469,0.51061408,0.512669025,0.509172627,0.511530215,0.509084452
control,0.036256058,17092,0.458307398,1.617215259,1.631482031,1.60274923,1.645858265,1.58877151
control,0.030886358,14830,0.67633215,0.84494479,0.842082885,0.847352914,0.846539501,0.843803861
control,0.035639231,12332,0.864102799,3.076396494,3.086532362,3.01482194,3.109333015,3.094898659
control,0.057868267,13550,0.715641462,35.99074741,35.97617532,36.00814063,36.05099028,35.9276834
control,0.029807501,11623,0.790533011,0.669538223,0.670029758,0.675327449,0.673640056,0.659155627
control,0.028521399,20099,0.658663624,0.712779788,0.719868664,0.710998184,0.7113771,0.708875204
control,0.039230454,16586,0.419829699,1.688626231,1.692023373,1.672580473,1.718994205,1.670906873
control,0.037344552,12459,0.657021417,1.4619527,1.466250355,1.443802379,1.490466565,1.447291502
control,0.04959425,21706,0.485555997,4.835759858,4.875775687,4.787712746,4.893858125,4.785692875
control,0.030285071,17819,0.842256302,0.935553471,0.93400399,0.934288294,0.937781381,0.936140219
control,0.021695999,13985,0.615538192,0.376986946,0.376265801,0.378085377,0.376488914,0.377107693
control,0.035164616,16472,0.756390795,1.339202182,1.339257864,1.340278661,1.352998503,1.324273701
control,0.040847762,12698,0.664073628,2.562780789,2.567260459,2.54236665,2.628314128,2.513181919
control,0.047917178,19116,0.923138574,6.967272317,6.95342942,6.969806024,6.972541673,6.973312153
control,0.034976758,13542,0.714047607,1.073484732,1.082405047,1.06858683,1.073606626,1.069340424
control,0.030606489,13377,0.513491008,1.970439084,1.983298107,1.940985674,2.00925102,1.948221532
control,0.0317966,19926,0.372670442,1.108763524,1.112354387,1.11017767,1.113081503,1.099440537
control,0.037437514,13019,0.667541876,1.125543569,1.133633344,1.114089087,1.134660541,1.119791303
control,0.031082432,13746,0.571887116,0.553853701,0.553984386,0.552597384,0.553627846,0.555205189
control,0.046923463,22539,0.810767696,17.68469353,17.67865512,17.70822933,17.61647482,17.73541484
control,0.026808181,23414,0.832016432,2.006213829,2.005850415,1.993882477,2.016446556,2.008675867
control,0.032369883,22382,0.591417312,1.58336927,1.605104378,1.574481543,1.58317717,1.57071399
control,0.031122241,21029,0.80689494,1.142974969,1.146380332,1.148547286,1.143796352,1.133175907
control,0.019353604,12210,0.245123828,0.226971872,0.227562549,0.225185934,0.22787405,0.227264958
control,0.018683459,11808,0.837056989,0.25829595,0.259716661,0.257717551,0.258351219,0.257398368
control,0.027172568,14279,0.798022499,1.380671438,1.412879822,1.348451742,1.378926532,1.382427656
control,0.025669075,15409,0.664869772,0.900606642,0.91647999,0.912698394,0.899430443,0.873817741
control,0.035044657,13551,0.553367899,3.56312377,3.572663445,3.541700976,3.601606584,3.536524075
control,0.027522261,16680,0.684246407,6.143403231,6.132533204,6.155672657,6.125575082,6.159831982
control,0.022090736,12473,0.749177904,0.416190247,0.416835018,0.417324857,0.418759535,0.411841578
control,0.033876966,15802,0.634518537,2.402627348,2.409512685,2.353204616,2.440093311,2.407698781
control,0.026908875,12084,0.550627183,3.412435106,3.434604207,3.370410216,3.43456648,3.410159521
control,0.033362889,18038,0.436839621,3.348797739,3.365364869,3.337096467,3.372640326,3.320089297
control,0.029335216,21581,0.567364533,1.54424372,1.54250484,1.542284705,1.557969917,1.534215416
control,0.03339728,18896,0.48584977,3.575164476,3.595002695,3.52024373,3.614546944,3.570864535
control,0.0276921,11989,0.660093405,0.959409432,0.963255069,0.958131306,0.95643944,0.959811914
control,0.016551081,15344,0.620440887,0.256300033,0.255757983,0.253348192,0.258786259,0.257307698
control,0.039159386,21612,0.737250387,2.585838779,2.599613044,2.592414352,2.588850851,2.562476867
control,0.023973261,23967,0.605512662,0.60678343,0.610581431,0.608273261,0.606754339,0.601524687
control,0.068709763,15828,0.465655084,128.8364569,128.7272324,128.9458648,128.7781718,128.8945587
control,0.028266915,14362,0.418529817,1.022206275,1.031283722,1.018113064,1.02859985,1.010828465
control,0.041650986,14098,0.177594248,2.993163404,3.027145498,2.973960608,3.011284789,2.960262719
control,0.039345643,13439,0.536242463,1.78394525,1.807429764,1.769102769,1.791183056,1.768065411
control,0.020889409,14212,0.239505027,0.310608597,0.310181326,0.312029984,0.311124533,0.309098544
control,0.022696184,20749,0.517750659,1.283129595,1.315910065,1.262655361,1.29449395,1.259459004
control,0.019382966,13025,0.721511797,0.706680625,0.727630977,0.691079432,0.706408635,0.701603455
control,0.023030207,18629,0.290164432,0.681691289,0.680399876,0.682360045,0.686896425,0.677108808
control,0.018670646,18483,0.753398696,0.340210636,0.340520265,0.339402443,0.340438102,0.340481732
control,0.01662684,17153,0.535351248,0.227141484,0.226258835,0.229040559,0.228577776,0.224688767
control,0.025658761,21753,0.633069372,4.176449769,4.230650737,4.148989464,4.192866079,4.133292795
control,0.038543613,22522,0.475112083,4.038915375,4.140921469,3.957330051,4.085957878,3.971452102
control,0.015132109,13620,0.727418592,0.104000683,0.106228067,0.100882402,0.104220477,0.104671787
control,0.020259189,18180,0.702362504,1.418555902,1.422851232,1.412596967,1.428060427,1.410714982
control,0.021192645,18472,0.618055767,0.413299924,0.412413732,0.413542519,0.413053516,0.414189931
control,0.019464488,24169,0.440846867,0.76478889,0.770489934,0.759969239,0.77265336,0.756043026
control,0.022293511,21867,0.76509294,0.782873517,0.793529609,0.781368601,0.78490734,0.771688519
control,0.028100213,18806,0.728274129,1.546584563,1.590708971,1.539804642,1.549921647,1.505902991
control,0.021009628,16107,0.817240158,0.400787401,0.402829791,0.397812064,0.400869304,0.401638444
control,0.029502048,19775,0.551946868,1.204563154,1.238428303,1.176169222,1.215267345,1.188387745
control,0.014342021,15255,0.823879441,0.241437014,0.242441402,0.241666711,0.24226185,0.239378092
control,0.022151393,21652,0.686610305,0.621434472,0.624365305,0.620159095,0.625492641,0.615720847
control,0.023140542,18457,0.810989929,0.846344447,0.866348826,0.839941926,0.839564298,0.839522736
control,0.029327768,13486,0.656691485,1.66421728,1.670516945,1.626141454,1.702420812,1.657789908
control,0.02452722,13956,0.654941363,0.810152528,0.81257329,0.805672534,0.810731423,0.811632866
control,0.019049937,14367,0.710636343,0.387347265,0.38891858,0.385526708,0.387759621,0.387184153
control,0.022209694,19952,0.657113682,0.498904139,0.503632281,0.50375507,0.498774418,0.489454789
control,0.028484162,16343,0.82418027,0.559941278,0.564375233,0.560871581,0.558107665,0.556410632
control,0.01700769,14744,0.47562471,0.233955352,0.232958596,0.234637337,0.23361017,0.234615306
control,0.019794561,12609,0.522340552,0.303770433,0.302507879,0.307187841,0.303284575,0.302101437
control,0.030053981,21996,0.356113816,1.317894275,1.324345573,1.316009136,1.322563384,1.308659007
control,0.028502479,15659,0.536307852,0.570910246,0.574693169,0.568200226,0.572161236,0.568586353
control,0.027626161,18485,0.747089954,1.05074929,1.068732719,1.047803697,1.055334021,1.031126722
control,0.040129001,17889,0.617776519,3.655081018,3.651026947,3.61689297,3.734711521,3.617692634
control,0.034537283,21399,0.464092044,1.232029765,1.246645253,1.231463347,1.233307331,1.216703128
control,0.030350249,21118,0.379923122,2.12409754,2.150178553,2.111803359,2.145806186,2.088602061
control,0.036189206,21894,0.635716316,5.709712521,5.706783441,5.697793742,5.725938483,5.708334415
control,0.020339704,12799,0.649982046,0.215870552,0.215630777,0.216954191,0.214779187,0.216118054
control,0.034159381,17688,0.463088732,4.9849514,4.984958303,4.959890899,5.00962986,4.985326539
control,0.038065174,12497,0.653620014,1.628091464,1.655096477,1.62190388,1.632097531,1.60326797
control,0.04497069,23064,0.631874158,5.093617193,5.10885079,4.955978462,5.196223374,5.113416146
control,0.029155439,16061,0.736348847,0.974686144,0.973396972,0.982377744,0.98033293,0.962636928
control,0.038512127,19413,0.495200326,3.543504124,3.55707995,3.527535982,3.587044976,3.502355587
control,0.034796449,11524,0.772666556,1.047239889,1.047853117,1.053480143,1.049134818,1.038491476
control,0.031832938,14323,0.59959193,0.739417768,0.741773051,0.734829048,0.740891246,0.740177728
control,0.028580649,21483,0.740201551,1.633451604,1.633286964,1.636404181,1.641161683,1.622953589
control,0.030987476,12734,0.789536403,0.970707413,0.970908218,0.976540477,0.968378719,0.967002236
control,0.019056666,13981,0.912068421,0.347050888,0.347253556,0.348285607,0.347985531,0.344678858
control,0.033856325,19891,0.675334213,2.168392852,2.17371107,2.184632839,2.224507288,2.09072021
control,0.021062205,18196,0.434782457,0.487521761,0.489027897,0.486296094,0.488192192,0.486570862
control,0.029330237,14808,0.252555808,1.160811855,1.162304537,1.159406422,1.164863516,1.156672943
control,0.062260175,19462,0.82440239,12.5969198,12.56973475,12.64941287,12.62704805,12.54148354
control,0.038169641,13599,0.432083161,0.599224903,0.598055095,0.600043789,0.598352539,0.60044819
control,0.035829381,15258,0.791922011,0.505955902,0.505082442,0.504707511,0.510269488,0.503764169
control,0.059560699,19646,0.612676848,11.36195427,11.47721841,11.28258851,11.41944884,11.26856131
control,0.056633777,24898,0.664901533,9.765548054,9.796455299,9.740754955,9.777843405,9.747138557
control,0.050756206,13682,0.670887891,3.093634827,3.115297593,3.099086766,3.101919192,3.058235756
control,0.059631038,19053,0.812544408,20.28153699,20.38097209,20.29365816,20.29717516,20.15434254
control,0.03413176,17179,0.572967702,1.359836342,1.363467378,1.371102895,1.381232414,1.323542679
control,0.052360829,25389,0.765358524,5.028574982,5.03412315,5.004865288,5.042772374,5.032539115
control,0.06116874,22846,0.334934489,5.072022878,5.103381748,5.046153732,5.120806241,5.017749792
control,0.062832707,24808,0.726243424,11.02724234,11.16214562,11.0164281,11.00972185,10.9206738
control,0.034514916,13043,0.822407696,1.692231787,1.679928453,1.694853754,1.706423442,1.687721499
control,0.044973568,12209,0.733354089,2.775312372,2.822067735,2.771248687,2.763214819,2.744718247
control,0.04644425,18331,0.901043722,3.5907817,3.641789995,3.578929572,3.628811183,3.513596051
control,0.036990099,12497,0.862904971,1.774943918,1.776239746,1.746453029,1.772547558,1.80453534
control,0.063648541,17219,0.773049942,14.65167077,14.87574874,14.67829135,14.72042007,14.33222292
control,0.026071511,21814,0.667344872,0.501742652,0.501889112,0.49966537,0.503008399,0.502407727
control,0.057855601,15054,0.839250062,12.10754981,12.13622179,12.08021689,12.32762408,11.88613649
control,0.030717225,18597,0.454686765,0.680976258,0.687626938,0.677507128,0.684921869,0.673849096
control,0.043223088,15076,0.668765654,1.422904066,1.428614974,1.401061041,1.432143939,1.429796311
control,0.055413667,23946,0.904258432,19.35508047,19.33356885,19.3314443,19.35626223,19.39904652
control,0.03042366,13908,0.514909347,0.487373865,0.487892127,0.490974351,0.485902251,0.484726731
control,0.033139663,22656,0.846046336,1.254895275,1.261005841,1.262161748,1.253463496,1.242950015
control,0.025559269,14577,0.490318448,0.403870168,0.403370086,0.404273486,0.403209806,0.404627293
control,0.044939616,12709,0.615504293,7.874213021,7.919150366,7.79293143,8.081189726,7.703580564
control,0.029894728,20841,0.533422963,0.839388754,0.844066847,0.831854443,0.848680503,0.832953225
control,0.031471345,11391,0.625394712,1.152264514,1.154204409,1.15258627,1.156623571,1.145643807
control,0.040103914,14260,0.716254455,4.422376795,4.449944999,4.435744528,4.496667129,4.307150523
control,0.037011188,24166,0.381651721,3.687087758,3.744095355,3.614002837,3.705977011,3.684275827
control,0.038998745,13225,0.619190068,2.849190496,2.865363868,2.793936303,2.886789215,2.8506726
control,0.027042068,18060,0.636217134,0.619863741,0.620412632,0.617309948,0.62216761,0.619564772
control,0.029565437,14309,0.613879232,1.518586454,1.53375613,1.49661841,1.518291454,1.525679823
control,0.046360895,12770,0.683622002,3.91017652,3.929386333,3.903861675,3.950673187,3.856784884
control,0.036781248,17232,0.827919572,3.223067416,3.229885093,3.179164031,3.254033422,3.229187118
control,0.027898071,12896,0.718455384,0.892086997,0.897068032,0.889671286,0.898221432,0.883387239
control,0.023184708,13217,0.734503734,0.824974901,0.836629636,0.814450026,0.830994913,0.817825029
control,0.02570442,12721,0.548189564,0.447420087,0.450737204,0.443998732,0.44838766,0.446556752
control,0.025940138,24163,0.457746972,1.687131603,1.68854465,1.675973428,1.70524841,1.678759923
control,0.025166625,15423,0.736352842,0.318433985,0.320729852,0.317423537,0.317977968,0.317604583
control,0.024518494,14730,0.73847214,0.449957157,0.454066625,0.45137936,0.451374166,0.443008477
control,0.02185506,15641,0.571916933,0.274505209,0.274828325,0.27435066,0.274657159,0.274184692
control,0.024588681,13116,0.558425303,1.536194951,1.539860183,1.531179602,1.544383088,1.52935693
control,0.028186545,19479,0.410468278,0.765022242,0.7748204,0.75683818,0.770570609,0.757859781
control,0.032431235,23786,0.737628735,1.358027069,1.40005208,1.330384522,1.357638423,1.344033253
control,0.027075687,24314,0.359657178,0.655530086,0.664638265,0.651782604,0.660044016,0.645655459
control,0.033592737,24365,0.710111982,2.090530612,2.116542256,2.052897571,2.103426674,2.089255949
control,0.034612573,18311,0.766498012,4.471922255,4.487081298,4.418278109,4.500082057,4.482247554
control,0.029009373,15191,0.758327535,0.668400764,0.675318497,0.668004598,0.669792041,0.660487919
control,0.037277714,17420,0.301200296,1.233078787,1.237076847,1.226329941,1.237581606,1.231326752
control,0.025988593,14726,0.637423799,0.426641558,0.430425013,0.421970406,0.428145984,0.426024829
control,0.043025816,20459,0.60284231,5.121703238,5.191371828,5.017391429,5.179256007,5.098793689
control,0.026381792,14926,0.603537518,0.476214561,0.476967083,0.472109016,0.479180999,0.476601145
control,0.021487168,15976,0.497168112,0.513104534,0.51622618,0.507408351,0.52594845,0.502835156
control,0.032253495,13904,0.812380977,2.277362511,2.271675512,2.242889633,2.359937844,2.234947054
control,0.019040285,16729,0.35960889,0.276882971,0.279107992,0.274765421,0.277639319,0.276019151
control,0.020615522,13231,0.754037408,0.517776109,0.522738217,0.504841112,0.521838497,0.521686611
control,0.025915712,15211,0.745985386,0.617170846,0.618396713,0.612951748,0.625735776,0.611599146
control,0.018236745,16460,0.438122684,0.265750548,0.267059257,0.264791022,0.266029273,0.265122639
control,0.021433047,18709,0.704922568,0.669202252,0.671202284,0.661694211,0.677898391,0.666014123
control,0.029494858,22018,0.644025939,1.60698437,1.637479609,1.584474415,1.612512199,1.593471259
control,0.024028081,14317,0.657635339,0.870454142,0.871989075,0.871650625,0.893996513,0.844180356
control,0.026492197,17334,0.643031199,4.919496945,4.943465513,4.874424875,4.934504188,4.925593204
control,0.030842895,17948,0.664575148,1.218924286,1.24655675,1.204371217,1.211090436,1.213678742
control,0.023427963,18082,0.66219781,0.976301918,0.987676422,0.954816454,0.981226515,0.981488279
control,0.042201889,19319,0.547852357,2.530639648,2.541239713,2.515004533,2.54051798,2.525796365
control,0.032347024,17814,0.565702973,0.795644514,0.801743296,0.794761657,0.797441636,0.788631467
control,0.056336682,14817,0.478275026,71.14517051,70.98373358,71.24513489,70.97404926,71.37776433
control,0.02935325,18581,0.726681355,1.464037652,1.461294641,1.456886106,1.485108425,1.452861435
control,0.020272564,15426,0.637427299,0.477265255,0.482330538,0.470900864,0.480302458,0.47552716
control,0.030576466,21222,0.469835078,1.690908993,1.706017974,1.669840368,1.707881548,1.679896081
control,0.034573203,20029,0.705616769,0.738218642,0.748681416,0.729003631,0.736021445,0.739168076
control,0.028675114,17770,0.757133714,2.151923912,2.159470127,2.075586964,2.201845102,2.170793455
control,0.049632582,23888,0.844177952,43.18516375,42.99713589,43.2280456,43.15000397,43.36546953
control,0.028596849,19135,0.652194163,0.707927864,0.710220178,0.700782126,0.715629346,0.705079807
control,0.018570369,15096,0.50282727,0.32962652,0.330426563,0.329799522,0.330205756,0.328074239
control,0.05478861,21401,0.505715936,9.220495383,9.343849705,9.16836462,9.277917687,9.091849519
control,0.025179388,20078,0.619445869,0.704301236,0.711827644,0.7003641,0.706733567,0.698279634
control,0.02106831,12943,0.263379832,0.640769558,0.648033358,0.637586516,0.646419781,0.631038576
control,0.037039487,23274,0.602025343,4.351982281,4.390279932,4.328839156,4.36739962,4.321410417
control,0.033694822,19575,0.63598789,4.649140538,4.753515529,4.65047513,4.664025911,4.528545584
control,0.035858966,13160,0.462446608,2.873524187,2.887268964,2.861255882,2.907968186,2.837603718
control,0.034494016,19899,0.647513003,1.646601399,1.646288041,1.644074013,1.6466786,1.64936494
control,0.025133666,23304,0.618086072,1.100136691,1.109914644,1.098325698,1.109682387,1.082624033
control,0.024253076,22005,0.8457059,3.814750281,3.817380023,3.828319713,3.819304093,3.793997296
control,0.036270199,13470,0.762632791,2.715463851,2.749638291,2.655192733,2.710949697,2.746074683
control,0.039088487,19147,0.841607354,5.501550041,5.506234577,5.543384704,5.535014848,5.421566035
control,0.042037412,18583,0.560957454,5.036492852,5.156486264,4.958855229,5.058086996,4.972542917
control,0.027185719,12872,0.838429786,0.904722743,0.909962388,0.919325546,0.907528747,0.88207429
control,0.023172481,20136,0.844092044,1.10304688,1.104544829,1.093778922,1.110690414,1.103173355
control,0.021246422,12366,0.714712845,0.405199041,0.407930727,0.399805874,0.407244305,0.405815256
control,0.0253386,19585,0.564295736,1.144924771,1.17025367,1.108135679,1.16104212,1.140267617
control,0.024584523,20704,0.330247897,4.03804491,4.036777849,4.043923457,4.037960766,4.033517568
control,0.026493384,22149,0.614786323,2.739551972,2.736685505,2.736932878,2.7516862,2.732903306
control,0.049479719,17580,0.610724714,6.067173672,6.104443297,5.973162937,6.124309263,6.066779191
control,0.035482352,14607,0.508195691,1.744952369,1.781856322,1.723293602,1.762713734,1.711945817
control,0.043674887,21989,0.49836786,3.053398668,3.071850248,3.041309243,3.051393988,3.049041191
control,0.038201347,19264,0.248548618,3.943168922,3.989482542,3.923691241,3.962889065,3.896612841
control,0.022402463,17280,0.561066054,0.959983466,0.972639919,0.949646968,0.962061929,0.955585047
control,0.041067906,12626,0.654962591,4.175691712,4.238085799,4.075551624,4.220142291,4.168987135
control,0.044702634,13014,0.685481233,4.060859857,4.07262878,4.015873924,4.175233568,3.979703157
control,0.029929916,17337,0.430548651,0.908846076,0.915579328,0.903272787,0.913968739,0.902563451
control,0.032704106,11807,0.599989787,0.837069838,0.84260327,0.829028874,0.838135329,0.83851188
control,0.037176118,15516,0.822479563,3.448310287,3.442362639,3.359215417,3.516824002,3.47483909
control,0.035073882,14285,0.485998847,1.788495371,1.81919471,1.784561504,1.809782502,1.740442768
control,0.039657694,16705,0.78771094,4.784415194,4.792257109,4.687980423,4.855298763,4.802124482
control,0.035668199,12607,0.56543483,1.937915161,1.954617664,1.931242716,1.981569955,1.884230308
control,0.027940694,15880,0.541362527,1.020044888,1.02527881,1.010464879,1.032429834,1.012006029
control,0.027827877,19438,0.675686457,1.05154826,1.065374671,1.042607592,1.05326896,1.044941818
control,0.028586887,15039,0.773549281,0.82530149,0.827177268,0.827858656,0.823925313,0.822244724
control,0.034984831,12229,0.333600403,8.743047356,8.764839399,8.712408117,8.755743857,8.739198053
control,0.030563961,14068,0.710888843,1.262645185,1.270964648,1.264981166,1.275184389,1.239450536
control,0.035146484,11813,0.488655859,3.364201169,3.404258009,3.382328829,3.41119828,3.259019557
control,0.030685991,14043,0.781974989,1.323113183,1.322399806,1.338892094,1.351127944,1.280032891
control,0.028035619,13010,0.729874894,1.372663542,1.371970243,1.373727056,1.372611429,1.372345442
control,0.031133094,14433,0.606057822,1.430205193,1.451715442,1.40406402,1.428885382,1.43615593
control,0.026412382,13694,0.581314871,0.709161385,0.711820013,0.709696488,0.706941869,0.708187169
control,0.023315472,13050,0.727290793,1.15676624,1.1608707,1.156065795,1.154976301,1.155152163
control,0.019163632,15326,0.675616972,0.266983768,0.266499121,0.26578671,0.267632473,0.26801677
control,0.020529453,21266,0.763406978,0.401245124,0.400423164,0.396359211,0.4043041,0.40389402
control,0.023267852,19649,0.709409129,0.62622243,0.626510473,0.621497673,0.630900297,0.625981278
control,0.036216481,19692,0.895903326,0.717036169,0.719372448,0.715255745,0.717410073,0.716106412
control,0.035941331,12173,0.446565453,1.970332689,2.003050423,1.945712509,1.989438247,1.943129578
control,0.026858307,14608,0.315454347,1.054077575,1.053823147,1.055894808,1.058797155,1.047795188
control,0.046460465,19863,0.710120417,4.781697968,4.893256497,4.710947323,4.764867394,4.75772066
control,0.043095625,13286,0.422381028,6.869348082,6.891395729,6.853615635,6.868457449,6.863923517
control,0.034801917,14228,0.460708548,0.959564276,0.960817355,0.95690938,0.968695255,0.951835112
control,0.033688689,23776,0.88140088,3.431119949,3.441817425,3.415084665,3.440533281,3.427044423
control,0.055847137,18647,0.277253169,11.22887361,11.36045744,11.09998089,11.37507108,11.07998501
control,0.032887956,14854,0.679409869,2.263902861,2.302335602,2.223648653,2.270191337,2.259435851
control,0.032221792,24353,0.748342328,1.222967056,1.232960695,1.218298051,1.223392009,1.217217466
control,0.032642134,17802,0.652996164,4.851782163,4.852824617,4.848122213,4.857094399,4.849087422
control,0.033876442,24913,0.627517298,1.471622506,1.477159218,1.442412232,1.502338533,1.464580041
control,0.033163964,16704,0.354572547,1.932246674,1.958322117,1.921416058,1.95578536,1.89346316
control,0.029192383,11963,0.787332514,0.859719141,0.85619765,0.875875501,0.86522919,0.841574224
control,0.031193189,15293,0.581678025,0.907106741,0.906326966,0.900664341,0.918171102,0.903264554
control,0.031308564,14170,0.531689879,1.3001524,1.324545179,1.308129297,1.306649854,1.26128527
control,0.027256213,23680,0.852061238,0.958307553,0.959646849,0.952900752,0.966136572,0.95454604
control,0.030743403,11857,0.598265811,0.929021863,0.929897001,0.93683747,0.933003417,0.916349566
control,0.035281825,11913,0.760526807,2.261692409,2.253332516,2.227664996,2.345604685,2.22016744
control,0.034863662,18735,0.801143651,1.738016871,1.741956338,1.688729951,1.73906729,1.782313907
control,0.032186436,21995,0.50849391,1.697438689,1.729681264,1.686951073,1.702853832,1.670268586
control,0.032203938,13864,0.707342262,0.782672851,0.78492286,0.779653038,0.787350081,0.778765425
control,0.035495043,18649,0.628308826,1.196333113,1.196566182,1.185494917,1.219039045,1.184232308
control,0.036421732,23331,0.72329298,2.565361271,2.582818199,2.540860381,2.603031188,2.534735315
control,0.031418424,14663,0.712488977,1.165311112,1.186861668,1.134463192,1.163889732,1.176029856
control,0.030446172,14682,0.636820656,2.075974697,2.124525235,2.02303275,2.087837447,2.068503357
control,0.039471337,18248,0.764288771,1.062987095,1.064576648,1.057738685,1.068580221,1.061052827
control,0.037799525,15460,0.599118775,1.790559029,1.817740216,1.784283772,1.79802544,1.762186688
control,0.019968477,12332,0.522809251,0.326484434,0.326735966,0.324825722,0.326916069,0.327459979
ABT-199,0.068472753,10040,0.670533568,152.820376,152.8715845,152.8629085,152.8414593,152.705552
ABT-199,0.046203227,5622,0.672759002,23.98213005,24.08241659,23.80603168,24.00519936,24.03487255
ABT-199,0.028187828,5386,0.727600767,2.980594102,2.979515777,2.995232949,2.981066603,2.966561077
ABT-199,0.04879701,16067,0.776274447,37.912674,37.91338068,37.81741924,38.10302987,37.81686621
ABT-199,0.050601134,12456,0.537259164,31.01269272,31.25053074,30.82783429,31.15248582,30.81992005
ABT-199,0.029739587,6557,0.398809663,5.325731461,5.305627373,5.331964414,5.334042194,5.331291861
ABT-199,0.026546159,15569,0.472294447,1.309823874,1.322660993,1.296637829,1.318876047,1.301120628
ABT-199,0.042232461,10325,0.334609115,16.92958472,17.00392277,16.87045398,17.03745644,16.80650568
ABT-199,0.046210769,5649,0.41174108,27.18603962,27.25513075,27.03461867,27.33243206,27.12197701
ABT-199,0.03873584,11203,0.483251246,18.59038947,18.60454931,18.56953173,18.61079496,18.57668186
ABT-199,0.056884095,9780,0.308159915,103.9615064,103.7925969,104.1621225,103.7999316,104.0913746
ABT-199,0.036234369,12655,0.671978053,7.714090766,7.735348873,7.6296115,7.77696222,7.714440469
ABT-199,0.026195166,8615,0.649788668,3.139787101,3.124366364,3.16316807,3.122579859,3.149034112
ABT-199,0.043911153,5272,0.311085067,22.39635889,22.47303411,22.31262877,22.49252466,22.30724801
ABT-199,0.045456228,7590,0.662698335,23.30265683,23.40419667,23.35249321,23.37995244,23.07398501
ABT-199,0.037358112,5332,0.661761219,15.72634702,15.66491221,15.82866356,15.64454745,15.76726488
ABT-199,0.049474472,5431,0.32062518,33.027142,33.14406665,32.84455504,33.16225288,32.95769343
ABT-199,0.08733768,6861,0.268649418,189.4146484,190.0041204,188.6403399,190.1556176,188.8585158
ABT-199,0.036475339,12487,0.556906555,14.28168564,14.26538525,14.28766748,14.27208213,14.3016077
ABT-199,0.03591157,5203,0.374814255,7.398608719,7.436209167,7.376714602,7.442704492,7.338806616
ABT-199,0.032841471,7630,0.286283553,6.21023983,6.205491265,6.20880423,6.214530602,6.212133223
ABT-199,0.065276547,5940,0.681732058,60.38939123,60.47848634,59.87308504,61.27338331,59.93261025
ABT-199,0.05091407,6177,0.309878124,29.19266799,29.24505166,29.14555955,29.25200243,29.12805832
ABT-199,0.054692723,5118,0.647240018,29.02624175,29.32438502,28.98693067,29.19200601,28.60164529
ABT-199,0.050330396,5076,0.623414025,32.53044217,32.74524881,32.3677305,32.51948832,32.48930104
ABT-199,0.047395921,11353,0.909151207,28.33484336,28.46598026,28.11821753,28.30469701,28.45047863
ABT-199,0.04588154,5898,0.631271811,47.51787249,47.41201209,47.53995956,47.36616051,47.7533578
ABT-199,0.035383349,9189,0.541745996,8.749186373,8.761204578,8.735589523,8.754698713,8.745252679
ABT-199,0.044863751,10402,0.40331619,35.50619419,35.4940678,35.53117007,35.48595943,35.51357946
ABT-199,0.040826951,8424,0.462752782,25.01254231,24.9757601,25.04185309,24.98093083,25.05162523
ABT-199,0.02776539,6096,0.661298487,4.444820867,4.455815431,4.446248679,4.459010896,4.418208462
ABT-199,0.037203451,7249,0.684526639,19.86131969,19.89166599,19.8096833,19.88517754,19.85875193
ABT-199,0.048709584,9981,0.623770289,56.33670614,56.40712981,56.23959412,56.35620675,56.34389388
ABT-199,0.044097668,8238,0.514248885,37.8983438,37.90569942,37.89297555,37.97521996,37.81948027
ABT-199,0.045668509,5792,0.589402618,33.09105092,33.17530927,33.04421573,33.2508729,32.89380578
ABT-199,0.037860268,8230,0.540010025,31.5313522,31.48554777,31.57677184,31.49618253,31.56690667
ABT-199,0.03072347,21744,0.663020639,21.40553182,21.3572515,21.44695616,21.33686775,21.48105189
ABT-199,0.033989955,5960,0.574575128,24.8761211,24.8219071,24.94140111,24.78748338,24.95369283
ABT-199,0.02128867,22347,0.744153312,2.75403671,2.746415746,2.761955569,2.741957256,2.765818268
ABT-199,0.05265107,14184,0.388211053,62.25163546,62.37187745,62.16410556,62.40387943,62.0666794
ABT-199,0.052462862,15656,0.344839266,139.1357164,138.86163,139.353961,138.7668642,139.5604104
ABT-199,0.050385551,14261,0.269076237,113.9152526,113.7001664,114.1187709,113.6937791,114.1482938
ABT-199,0.035143693,9444,0.641454273,21.11989576,21.09340667,21.13471681,21.10340863,21.14805093
ABT-199,0.017565007,6102,0.570928906,0.249431893,0.249235578,0.249618801,0.249370667,0.249502524
ABT-199,0.049137756,5144,0.53552423,29.91467888,30.25780418,29.83026958,30.14433482,29.42630694
ABT-199,0.035672285,17506,0.550185289,29.64414242,29.57502123,29.70960439,29.60305612,29.68888795
ABT-199,0.031742214,13176,0.857270131,46.39666128,46.36753307,46.56350654,45.95619796,46.69940757
ABT-199,0.029419826,18164,0.642069286,18.41898766,18.353789,18.48072699,18.3532267,18.48820797
ABT-199,0.019415102,8004,0.558193903,0.333613944,0.334145807,0.33039949,0.334990492,0.334919988
ABT-199,0.028279079,5400,0.561288588,6.862680017,6.858237676,6.873079792,6.85006576,6.869336837
ABT-199,0.030527304,19216,0.783361667,36.51467417,36.40308499,36.75756601,36.29174569,36.60629997
ABT-199,0.034083469,5891,0.446492443,15.41933402,15.43505133,15.41225159,15.42469148,15.40534169
ABT-199,0.030044835,8086,0.898899503,6.627917637,6.670606155,6.624644901,6.606917285,6.609502207
ABT-199,0.031546088,5994,0.412071249,13.00708146,13.00120782,13.01147334,13.00268606,13.01295864
ABT-199,0.042162589,6356,0.756645699,23.15070581,23.13219201,23.02228098,23.24497141,23.20337886
ABT-199,0.039160105,6717,0.570304546,26.93898853,26.94561833,26.91903052,26.91601094,26.97529433
ABT-199,0.048196921,5562,0.69534998,36.63107254,36.73956746,36.42785254,36.61970962,36.73716056
ABT-199,0.037846541,22976,0.781392503,61.70573444,61.52855568,62.20905013,61.47291259,61.61241936
ABT-199,0.022239732,5299,0.551498054,0.981350597,0.981798207,0.982142322,0.985239926,0.976221934
ABT-199,0.030006614,6251,0.631854671,4.045800808,4.034379434,4.069530421,4.085899824,3.993393552
ABT-199,0.050344424,5603,0.560926158,57.38798829,57.49129469,57.29600032,57.39679787,57.36786026
ABT-199,0.027502995,5519,0.826583562,8.219471366,8.20248996,8.25824521,8.168176314,8.248973983
ABT-199,0.036372344,5129,0.616097032,17.40644692,17.38073719,17.42455804,17.33392104,17.4865714
ABT-199,0.03099537,6507,0.45140186,16.62969612,16.55883268,16.73422742,16.55329915,16.67242523
ABT-199,0.024516548,9375,0.383928127,1.892737376,1.89542306,1.89182542,1.897254066,1.886446958
ABT-199,0.054857226,7347,0.360925725,91.67743372,91.63922151,91.75746116,91.65718317,91.65586905
ABT-199,0.021316486,7958,0.539319518,0.659503019,0.661970108,0.659742353,0.661119507,0.65518011
ABT-199,0.032563601,12167,0.779234304,7.780300909,7.797048941,7.77892216,7.833176131,7.712056402
ABT-199,0.020095901,12087,0.694518257,0.235530507,0.234866512,0.233685679,0.240347078,0.233222757
ABT-199,0.039137459,8104,0.296747534,25.52264553,25.54729612,25.50838133,25.56172292,25.47318177
ABT-199,0.017894033,14798,0.534196516,0.554921985,0.555169754,0.555098008,0.554226775,0.555193403
ABT-199,0.028353672,16339,0.831375939,39.79810701,39.69037244,40.22667998,39.48139012,39.7939855
ABT-199,0.015931685,12019,0.674075506,0.115762266,0.115399928,0.116026134,0.115591524,0.116031476
ABT-199,0.030115549,7815,0.682171122,10.58303102,10.5761911,10.5772241,10.61269621,10.56601269
ABT-199,0.036882768,7977,0.38185985,31.53157086,31.53389624,31.52086079,31.53868993,31.53283647
ABT-199,0.060865428,9066,0.30943056,126.6356869,126.6959673,126.5350812,126.7291913,126.582508
ABT-199,0.023058984,6023,0.44576734,7.14429881,7.104306927,7.182287777,7.114564936,7.176035598
ABT-199,0.028631969,5317,0.80039472,9.4035397,9.367911892,9.441666079,9.390734168,9.413846663
ABT-199,0.027656243,20905,0.761151637,27.81310606,27.72001562,27.84007236,27.68735017,28.00498608
ABT-199,0.027022989,5492,0.280815516,12.1614655,12.13093845,12.19418384,12.13663579,12.18410391
ABT-199,0.030910214,6111,0.493400676,13.00776555,13.0528439,12.96794937,13.02832232,12.98194659
ABT-199,0.030043704,16995,0.809437374,18.43586603,18.41635216,18.48810893,18.38758634,18.45141668
ABT-199,0.040526302,6194,0.686818009,21.23307112,21.30065681,20.91910112,21.46661543,21.24591114
ABT-199,0.024734077,12538,0.275118616,7.643901394,7.631482596,7.654683677,7.629837778,7.659601525
ABT-199,0.033658096,6249,0.362220385,11.70481146,11.77927984,11.65378526,11.7301459,11.65603485
ABT-199,0.035072206,6398,0.657651286,19.0780039,19.17412116,18.9917627,19.12835115,19.01778061
ABT-199,0.042768374,6884,0.608727341,28.28679358,28.52778288,28.17163814,28.33847883,28.10927449
ABT-199,0.032501257,13152,0.871668697,15.22467154,15.26641974,15.16364522,15.23750473,15.23111648
ABT-199,0.026271208,7693,0.528146534,12.67815779,12.65886767,12.69977904,12.62590744,12.72807702
ABT-199,0.023443954,15268,0.577978138,7.4748766,7.454090016,7.481845098,7.458048571,7.505522714
ABT-199,0.032352775,5914,0.30388121,13.17229971,13.22542982,13.12097627,13.21604178,13.12675097
ABT-199,0.01856469,13373,0.452728061,1.066134105,1.064074922,1.067237394,1.064521234,1.068702868
ABT-199,0.024718259,8820,0.548142258,5.335603426,5.341009919,5.3293134,5.33965891,5.332431473
ABT-199,0.03164212,10947,0.444976456,19.74317957,19.73531993,19.75553506,19.73196718,19.74989609
ABT-199,0.041339323,5042,0.669173048,31.54279731,31.77912639,31.50228257,31.58510118,31.30467908
ABT-199,0.049736846,7785,0.416173371,44.15267102,44.24283506,44.07983211,44.31732073,43.97069618
ABT-199,0.044881431,6472,0.541207991,39.12300046,39.15241079,39.09703513,39.12903671,39.11351922
ABT-199,0.038834418,8773,0.256164176,23.58705372,23.60341374,23.55664655,23.6156943,23.57246027
ABT-199,0.024231804,21349,0.762827119,3.909579482,3.905850325,3.918397988,3.902917715,3.911151901
ABT-199,0.044577455,7108,0.543902936,41.85020758,41.86413406,41.84410765,41.86533587,41.82725275
ABT-199,0.048713013,12904,0.455119238,43.6768097,43.73735516,43.66579126,43.76995865,43.53413374
ABT-199,0.022487109,17267,0.602562716,0.601598584,0.611314713,0.59434747,0.601880082,0.598852073
ABT-199,0.031776194,9056,0.290469235,9.557734056,9.564312047,9.515152545,9.540904714,9.61056692
ABT-199,0.034681312,9229,0.641041699,12.24171661,12.24934362,12.22830017,12.26267283,12.22654983
ABT-199,0.03382584,10654,0.697656546,11.46562325,11.50370846,11.42353251,11.45314848,11.48210355
ABT-199,0.041346092,7698,0.578036897,30.68098878,30.74173611,30.64251528,30.69945682,30.64024691
ABT-199,0.032991291,7430,0.609967789,13.39021735,13.34373453,13.41887535,13.3608536,13.43740592
ABT-199,0.034752441,9451,0.707117365,13.61350366,13.64307192,13.57816109,13.62444101,13.6083406
ABT-199,0.044489531,11324,0.579618196,52.30330318,52.25615083,52.37152583,52.267933,52.31760307
ABT-199,0.025334785,10082,0.79290488,1.787866475,1.797978472,1.797089044,1.796867788,1.759530595
ABT-199,0.047970845,7687,0.827973001,54.99475305,55.00932648,55.05180464,54.92528858,54.9925925
ABT-199,0.037521173,5447,0.64503797,26.31828863,26.28506691,26.35677329,26.28876067,26.34255364
ABT-199,0.033768926,8822,0.655929117,10.39697038,10.45082016,10.32322953,10.41720641,10.39662544
ABT-199,0.025091105,13498,0.661391582,1.951735985,1.964111256,1.947088406,1.95610272,1.939641557
ABT-199,0.041021486,9389,0.629613458,27.7635941,27.82579263,27.71347412,27.78721172,27.72789792
ABT-199,0.022336181,12989,0.775572426,0.729148472,0.73950112,0.721685145,0.727976358,0.727431264
ABT-199,0.021198198,10165,0.555709666,0.464633551,0.468670982,0.461547526,0.466074182,0.462241512
ABT-199,0.02718197,12263,0.571749464,17.09828948,17.00904624,17.19241224,17.02607352,17.1656259
ABT-199,0.021309567,17997,0.679312236,0.503019202,0.504591529,0.503332691,0.507410889,0.496741698
ABT-199,0.022392622,17391,0.639316266,0.657354734,0.662755313,0.648981073,0.659471385,0.658211167
ABT-199,0.043170383,6845,0.625483738,49.87245167,49.73815271,50.00389196,49.79540342,49.95235859
ABT-199,0.050850304,10110,0.562758439,74.5742476,74.56401119,74.62464307,74.49711553,74.61122062
ABT-199,0.025174583,21312,0.619932753,4.234958078,4.226195486,4.240625187,4.230877961,4.242133679
ABT-199,0.043266707,13319,0.652102923,34.37287969,34.38960619,34.29222336,34.47840136,34.33128785
ABT-199,0.038654752,9633,0.327388194,35.72694489,35.67328735,35.79030534,35.67176628,35.77242058
ABT-199,0.029212856,18931,0.611525667,4.771114855,4.788930574,4.788729905,4.77062458,4.736174361
ABT-199,0.021188921,15143,0.579550477,0.607263289,0.607432227,0.607158455,0.610849502,0.603612971
ABT-199,0.030004177,12545,0.613982341,13.17225309,13.13626449,13.23400337,13.1182103,13.20053421
ABT-199,0.031477957,25596,0.768924614,14.79559042,14.76916993,14.79992048,14.79206752,14.82120376
ABT-199,0.029761719,12543,0.661860229,12.07561799,12.05056782,12.12103116,12.04885158,12.08202139
ABT-199,0.03438237,15998,0.681513868,10.37970768,10.4254356,10.37471218,10.39059792,10.32808503
ABT-199,0.028531158,10717,0.467201541,7.700160686,7.685823409,7.698835063,7.707088462,7.708895811
ABT-199,0.020811063,12636,0.590241311,0.433978045,0.436574889,0.433499927,0.436008946,0.42982842
ABT-199,0.021999969,7128,0.518608246,0.745153503,0.74955447,0.744631005,0.7476873,0.738741235
ABT-199,0.024604056,7081,0.736215224,8.113578982,8.082758406,8.155068058,8.08594234,8.130547125
ABT-199,0.04681755,5305,0.463174994,116.4461957,115.8111999,116.9136239,115.9816668,117.0782922
ABT-199,0.040839636,13456,0.719846141,64.58296667,64.48020515,64.80846062,64.42236376,64.62083716
ABT-199,0.031646053,11989,0.620219217,30.79412471,30.67629842,30.84970028,30.69702076,30.95347938
ABT-199,0.028880492,13744,0.918909152,53.67021719,53.17588496,53.46167799,53.45916002,54.58414578
ABT-199,0.022246515,22674,0.668134516,6.200281196,6.182382284,6.221886894,6.178125211,6.218730395
ABT-199,0.029709713,12259,0.683944737,23.45130501,23.41735318,23.54372682,23.34912256,23.49501746
ABT-199,0.029384027,11469,0.647888633,19.80939792,19.75432544,19.82950996,19.74582374,19.90793253
ABT-199,0.031216302,5462,0.487500636,24.75984992,24.64406382,24.81256544,24.7014463,24.88132413
ABT-199,0.020811691,20744,0.658308342,0.735259628,0.738768414,0.725893888,0.741904287,0.734471922
ABT-199,0.031739812,7920,0.475740604,9.400049242,9.474162249,9.3396155,9.449444028,9.336975192
ABT-199,0.024950827,13940,0.492596131,7.171135194,7.164045511,7.176079903,7.162347031,7.18206833
ABT-199,0.042560616,8250,0.598180783,65.91578186,65.75254662,66.11125821,65.81493387,65.98438875
ABT-199,0.036714525,11079,0.506562156,44.28764372,44.20044657,44.42954565,44.18161608,44.3389666
ABT-199,0.02674745,13442,0.724727218,3.329630206,3.338866185,3.272655211,3.370696179,3.336303248
ABT-199,0.019321726,5920,0.867829388,4.318779754,4.271930168,4.33247054,4.285396901,4.385321408
ABT-199,0.041341073,6710,0.850536426,53.4812639,53.35056053,53.70113893,53.34176348,53.53159264
ABT-199,0.015731916,21373,0.882558378,0.514587845,0.516386596,0.513529779,0.51467193,0.513763074
ABT-199,0.017564526,26837,0.514720908,0.648244371,0.648877928,0.645922804,0.650559976,0.647616776
ABT-199,0.01414986,13798,0.70038636,0.268951758,0.269290839,0.268393851,0.269393987,0.268728355
ABT-199,0.020906935,8686,0.603787061,5.070624867,5.060279386,5.088967374,5.057549553,5.075703154
ABT-199,0.014745347,16123,0.775503302,0.283581894,0.284063156,0.282692991,0.284097157,0.283474271
ABT-199,0.018197156,17452,0.613111134,0.663443602,0.665019988,0.663605298,0.665450692,0.65969843
ABT-199,0.017010181,19744,0.306899539,0.432404303,0.433717469,0.430648533,0.434381649,0.43086956
ABT-199,0.01867983,5437,0.653112336,2.196074601,2.18591779,2.210593012,2.186921958,2.200865644
ABT-199,0.023233183,14680,0.537610727,8.573663602,8.565292831,8.582676464,8.563854834,8.582830278
ABT-199,0.01438126,14550,0.744839622,0.218066104,0.218573524,0.216519931,0.219879403,0.217291557
ABT-199,0.014820808,10414,0.558645279,0.220658137,0.223108596,0.217103835,0.220851792,0.221568326
ABT-199,0.014001477,11248,0.787994023,0.244578987,0.245120951,0.244230796,0.245187455,0.243776747
ABT-199,0.018374183,16487,0.624522865,3.300867527,3.291321535,3.310195549,3.290462779,3.311490243
ABT-199,0.023594472,5100,0.686291517,1.204062895,1.197510755,1.166501411,1.240521067,1.211718347
ABT-199,0.033802604,17950,0.549353503,46.07365627,46.02808534,46.17004088,45.94440546,46.1520934
ABT-199,0.023327305,18324,0.631591431,1.310296547,1.353906153,1.282006487,1.306973053,1.298300496
ABT-199,0.021793776,6154,0.541455904,7.773324792,7.734726456,7.814319238,7.74731092,7.796942556
ABT-199,0.014697871,22847,0.61026391,0.19824763,0.199286347,0.196309313,0.199558976,0.197835883
ABT-199,0.017246666,20763,0.8423123,2.525470289,2.514441115,2.536675311,2.520557524,2.530207204
ABT-199,0.021768155,11383,0.833903427,6.487169403,6.47352505,6.494703374,6.478432416,6.502016774
ABT-199,0.014743046,5196,0.681260963,0.380550955,0.382591362,0.379883052,0.38053476,0.379194645
ABT-199,0.014690561,14693,0.805214665,0.192171291,0.193912472,0.188967346,0.193726277,0.192079069
ABT-199,0.03094388,12621,0.50860008,30.94684018,30.91519954,30.99623074,30.80860181,31.06732862
ABT-199,0.03115637,10698,0.595534026,31.57206827,31.53202806,31.6269118,31.41182513,31.7175081
ABT-199,0.019559955,5847,0.589793355,3.153924772,3.152431494,3.152189394,3.154042202,3.157035999
ABT-199,0.015851297,22422,0.209040015,0.261840937,0.263346514,0.259770243,0.263495848,0.260751144
ABT-199,0.021357479,16181,0.794022758,9.911122183,9.888064078,9.938924314,9.863603923,9.953896419
ABT-199,0.014163654,10081,0.804405554,0.265567492,0.266162931,0.265686837,0.265740859,0.264679342
ABT-199,0.02385095,22924,0.65712271,19.07153223,19.04033701,19.09434768,18.99598315,19.15546106
ABT-199,0.014019557,9407,0.865235765,0.244936895,0.245007477,0.244603521,0.245851447,0.244285136
ABT-199,0.029983049,23710,0.742917956,81.68296612,81.40751842,81.84004039,81.27084295,82.21346273
ABT-199,0.020340715,14680,0.733638661,2.602591991,2.617280354,2.608969917,2.588131167,2.595986527
ABT-199,0.016272628,18601,0.735744892,0.285942103,0.286278831,0.284212746,0.290662087,0.282614746
ABT-199,0.016569681,17161,0.663291803,0.302318205,0.304834417,0.29937277,0.302531099,0.302534532
ABT-199,0.023457196,15215,0.598561545,13.87354694,13.83326024,13.88874029,13.8292403,13.94294692
ABT-199,0.023733228,15008,0.287188888,14.14039859,14.09203471,14.18635565,14.10051037,14.18269364
ABT-199,0.02008097,13312,0.629288289,4.12650946,4.123426815,4.13472857,4.124170045,4.123712409
ABT-199,0.01397006,10569,0.683514008,0.256698121,0.256927698,0.256359568,0.256893408,0.256611811
ABT-199,0.02473202,11118,0.792847531,9.986443434,9.951715803,10.0441443,9.971342044,9.978571586
ABT-199,0.025121393,6869,0.712217642,9.824052026,9.777711725,9.896667578,9.822020385,9.799808417
ABT-199,0.016525182,14679,0.650851565,0.276085111,0.275476441,0.273833855,0.280947173,0.274082974
ABT-199,0.014019843,12974,0.787515679,0.266125333,0.266335558,0.266219982,0.266191058,0.265754733
ABT-199,0.020240917,13153,0.727573053,4.21138667,4.208817524,4.212143221,4.21023242,4.214353515
ABT-199,0.025517977,18799,0.6869274,14.26428203,14.25242044,14.29957745,14.23634213,14.26878811
ABT-199,0.033190705,5542,0.401416359,38.80016843,38.67896614,38.93686365,38.66012258,38.92472136
ABT-199,0.03313141,5398,0.724544045,7.117827133,7.108367302,7.121456251,7.194617909,7.046867071
ABT-199,0.027492471,12897,0.766165699,6.749965681,6.727585809,6.765251724,6.747439001,6.759586191
ABT-199,0.026998589,17312,0.492223524,4.88161704,4.879591807,4.874169657,4.890991158,4.881715539
ABT-199,0.040912578,16082,0.337141591,56.90703287,56.7772459,57.07806948,56.74639681,57.02641929
ABT-199,0.041102614,6046,0.681369182,69.42240464,68.99786473,69.6132175,69.09214558,69.98639073
ABT-199,0.023602185,15480,0.702594969,0.78486818,0.78751621,0.788857873,0.787545666,0.77555297
ABT-199,0.028128061,20383,0.402299427,2.029129822,2.045222907,2.003335897,2.048650445,2.019310039
ABT-199,0.046084328,10973,0.536317319,65.39764259,65.29994104,65.44163021,65.32931922,65.51967989
ABT-199,0.035846985,5965,0.668278194,13.76218263,13.82024124,13.69399293,13.76713805,13.76735829
ABT-199,0.056333596,11305,0.517722532,105.1906781,105.110294,105.253482,105.1422251,105.2567113
ABT-199,0.045096338,10268,0.262661763,38.12503833,38.20961346,38.09211277,38.15880449,38.03962259
ABT-199,0.03480908,5774,0.849971791,34.2441582,33.9283306,34.39922662,34.07637812,34.57269746
ABT-199,0.042057876,7954,0.512206555,53.19216193,53.03596549,53.31830536,53.10163387,53.31274298
ABT-199,0.04563863,6852,0.47615067,21.88592138,22.16204478,21.58566578,22.08351492,21.71246004
ABT-199,0.056653932,8122,0.6024321,76.83371978,77.13420575,76.61802128,76.92935755,76.65329452
ABT-199,0.041036007,5588,0.407959271,51.26581415,51.08994916,51.38921469,51.06396562,51.52012712
ABT-199,0.045292676,5240,0.543718115,31.76202662,31.93202702,31.75212792,31.78464424,31.57930729
ABT-199,0.030047668,5538,0.779478678,8.040965112,8.047399033,8.067548978,8.021088821,8.027823617
ABT-199,0.025104338,6429,0.6839728,2.83450261,2.823556995,2.857135672,2.819213076,2.838104696
ABT-199,0.036098439,6814,0.52485281,25.13052068,25.10569326,25.15826415,25.09119111,25.1669342
ABT-199,0.040802789,7905,0.732750354,39.70655348,39.64505775,39.74221217,39.6578091,39.78113491
ABT-199,0.025999675,15732,0.676770413,7.496513275,7.479794684,7.531014125,7.470489839,7.50475445
ABT-199,0.01955709,6016,0.620807107,0.337755031,0.340103202,0.335775342,0.337246209,0.33789537
ABT-199,0.022525482,17647,0.748095223,1.126519475,1.130455092,1.129059339,1.125642164,1.120921303
ABT-199,0.022454581,21578,0.620654214,0.731187697,0.738528647,0.728949965,0.73095718,0.726314995
ABT-199,0.022728265,8906,0.680867,0.979501562,0.981887646,0.980226656,0.983745786,0.972146159
ABT-199,0.029243271,5571,0.299381647,5.2411515,5.265935395,5.211046885,5.282118668,5.205505053
ABT-199,0.026598757,5738,0.586245416,7.478325944,7.470866804,7.488753463,7.470509426,7.483174082
ABT-199,0.017322049,5527,0.604834949,0.245848927,0.2454625,0.247122132,0.244708074,0.246103004
ABT-199,0.021988281,8639,0.860878515,3.72948007,3.705069397,3.75801149,3.720512014,3.734327378
ABT-199,0.016988393,11756,0.761033755,0.201376846,0.20051629,0.201719198,0.200481198,0.2027907
ABT-199,0.032642359,14661,0.23380566,13.82933113,13.86150265,13.79950687,13.85914888,13.79716612
ABT-199,0.026076963,22590,0.715388321,22.94871517,22.87615669,23.01087832,22.83162066,23.07620504
ABT-199,0.01722854,5540,0.739247387,0.236468813,0.235452069,0.23775434,0.235587858,0.237080983
ABT-199,0.026851456,14448,0.789003427,13.19045926,13.11750606,13.32279126,13.14283769,13.17870202
ABT-199,0.034496088,10787,0.424927059,34.81570207,34.69221587,34.87496345,34.74883816,34.94679082
ABT-199,0.034185577,25355,0.755061651,65.39423097,65.17898088,65.85690494,65.16872659,65.37231147
ABT-199,0.030706951,6599,0.739775969,21.05753688,21.00119475,21.18796988,20.9305135,21.11046939
ABT-199,0.02591904,21609,0.712894467,6.920674741,6.90899881,6.930502292,6.918637756,6.924560106
ABT-199,0.030427328,7369,0.742136062,27.42002143,27.32331545,27.53375975,27.22908222,27.59392827
ABT-199,0.051259817,9990,0.554980728,94.35078505,94.24151941,94.45115845,94.26295978,94.44750257
ABT-199,0.032329602,6163,0.690314582,8.255950732,8.338434439,8.225976287,8.223764641,8.235627559
ABT-199,0.038322581,10127,0.382697866,35.02680031,35.0163322,35.03463646,35.01195504,35.04427753
ABT-199,0.020835271,7773,0.615487022,1.2617351,1.265455694,1.261392256,1.263218891,1.256873558
ABT-199,0.037186053,9148,0.768694434,43.51899216,43.33005872,43.92976479,43.38806775,43.42807739
ABT-199,0.033724789,5739,0.774986658,11.21305696,11.3273994,11.22556491,11.23878524,11.06047828
ABT-199,0.030771007,19281,0.803421988,26.75070671,26.66806577,26.9150609,26.65315362,26.76654655
ABT-199,0.016260718,5689,0.72920143,0.063504636,0.063338405,0.064149888,0.062610381,0.063919868
ABT-199,0.028290508,21986,0.652360457,8.326640252,8.333322946,8.306866807,8.343424517,8.322946738
ABT-199,0.028592998,6358,0.854668281,14.44352425,14.38658091,14.43315527,14.39631429,14.55804655
ABT-199,0.045447129,6065,0.353193066,66.47031288,66.38986306,66.5148991,66.42716846,66.54932092
ABT-199,0.03000666,7810,0.861583825,23.81442492,23.72521567,24.00131586,23.67227489,23.85889326
A13318152,0.016526145,19067,0.636494986,4.017791528,4.001654332,4.03631533,4.009336768,4.023859683
A13318152,0.014791693,13071,0.224416824,0.356418208,0.359037937,0.353164294,0.359277913,0.354192689
A13318152,0.011972439,14871,0.707042819,0.116315781,0.117386603,0.116013768,0.115611293,0.11625146
A13318152,0.021632289,13990,0.420921634,11.89209108,11.86941493,11.91626653,11.85665515,11.92602772
A13318152,0.01418657,13300,0.762142227,0.342714463,0.342987843,0.341171783,0.345707925,0.340990302
A13318152,0.012505799,11457,0.431928524,0.184176938,0.18396838,0.184173994,0.183822695,0.184742681
A13318152,0.012819518,12242,0.591126954,0.377129179,0.375758761,0.377518815,0.376410289,0.378828849
A13318152,0.021665981,11520,0.406416836,15.92192601,15.86374198,16.00121453,15.88057835,15.94216919
A13318152,0.024928293,13228,0.499271157,32.82735777,32.69344337,33.02831641,32.72323485,32.86443646
A13318152,0.022000458,17678,0.802142948,45.1510226,44.71335162,45.48830976,45.06243804,45.33999098
A13318152,0.022069393,14283,0.89590138,21.64606803,21.55361694,21.92878768,21.56373621,21.53813128
A13318152,0.011853834,20079,0.660013002,0.050369938,0.050376163,0.049799988,0.051218923,0.050084679
A13318152,0.01818454,23078,0.691105681,6.95150926,6.949670175,6.977526057,6.920781979,6.95805883
A13318152,0.037555632,16190,0.412067375,72.32658517,72.15209085,72.47519838,72.20395225,72.47509918
A13318152,0.01582781,11020,0.451544275,1.864136566,1.862698596,1.867682567,1.860429126,1.865735976
A13318152,0.012187788,11145,0.666824862,0.221575589,0.221263842,0.221237783,0.221989963,0.221810766
A13318152,0.012323556,12045,0.785434016,0.137731783,0.137786428,0.137168338,0.13690635,0.139066017
A13318152,0.020734998,20918,0.599579764,13.74810815,13.72919503,13.80744591,13.68573395,13.77005772
A13318152,0.019337026,30330,0.833802328,10.0888869,10.05029341,10.1369338,10.07406056,10.09425982
A13318152,0.026502773,16289,0.569252283,22.48081382,22.4334634,22.52813731,22.44962199,22.51203258
A13318152,0.012436989,15732,0.480164299,0.172183179,0.172362922,0.171914128,0.171863543,0.172592124
A13318152,0.012134249,19774,0.710502731,0.141337815,0.141681545,0.140885472,0.141188798,0.141595446
A13318152,0.031908278,8442,0.651489509,24.68539729,24.71917006,24.60274279,24.72533153,24.69434476
A13318152,0.023213734,14556,0.434638841,13.56055392,13.54021011,13.58171676,13.53164813,13.58864068
A13318152,0.020658215,11522,0.775037814,5.479696904,5.478845098,5.472673257,5.489892278,5.477376981
A13318152,0.018902115,13038,0.406080461,4.459990348,4.4580869,4.462663672,4.458182804,4.461028015
A13318152,0.016760224,27381,0.848243691,0.846877638,0.858237246,0.836110692,0.846978319,0.846184293
A13318152,0.013085277,16093,0.557235193,0.287394088,0.287234258,0.287176046,0.287517874,0.287648175
A13318152,0.012630815,22311,0.471949747,0.237714937,0.237208797,0.237293733,0.238295712,0.238061504
A13318152,0.016437748,20252,0.513025454,0.674551318,0.67585289,0.674134694,0.682485316,0.66573237
A13318152,0.015068287,28710,0.891448523,8.862040938,8.807042309,8.914731325,8.825398144,8.900991974
A13318152,0.01330019,13749,0.580822637,0.279716889,0.280115565,0.277706025,0.281081034,0.27996493
A13318152,0.020291293,16178,0.637177412,3.527366925,3.534536137,3.529402455,3.535641083,3.509888025
A13318152,0.019675281,11168,0.369498057,10.37127373,10.323186,10.40035985,10.341303,10.42024608
A13318152,0.032996502,8118,0.397565722,51.7106049,51.53328307,51.79523941,51.60973736,51.90415974
A13318152,0.016516063,22228,0.711730008,0.968802375,0.970659843,0.96682882,0.976095118,0.961625717
A13318152,0.03417511,13432,0.534161173,52.55554545,52.50063313,52.65819968,52.41298391,52.65036506
A13318152,0.024211362,10941,0.644198314,14.00692066,13.96665243,14.01590102,13.9958183,14.04931089
A13318152,0.013564033,15767,0.678129203,0.288157359,0.288108514,0.288949754,0.290292283,0.285278883
A13318152,0.015623619,22107,0.796887065,1.410752527,1.409712268,1.411897479,1.408663437,1.412736925
A13318152,0.013037452,17949,0.523871374,0.257672273,0.25803623,0.257662583,0.257433835,0.257556442
A13318152,0.024919923,8015,0.420562651,17.54233585,17.50566671,17.57437578,17.50410694,17.58519396
A13318152,0.010536941,14693,0.616877381,0.10090066,0.101681657,0.100467047,0.101681601,0.099772335
A13318152,0.013652093,16039,0.727361997,0.271364717,0.272581769,0.272468258,0.272104627,0.268304213
A13318152,0.019996172,8975,0.377253577,5.542925427,5.541143709,5.543081325,5.538559617,5.548917058
A13318152,0.016294665,13065,0.54516791,0.648662443,0.654102771,0.643623638,0.658149095,0.638774267
A13318152,0.028051325,12743,0.383069047,66.20973451,65.8891007,66.46603316,65.90511533,66.57868885
A13318152,0.020743337,15706,0.467984935,10.34548051,10.31925019,10.37724578,10.32265493,10.36277115
A13318152,0.016495276,11855,0.647447791,0.627096603,0.636577175,0.612437248,0.62974895,0.629623039
A13318152,0.024540861,22580,0.636017924,33.94153665,33.84836104,34.03656702,33.79658107,34.08463748
A13318152,0.01294065,14588,0.736088796,0.350433486,0.350794071,0.350340111,0.349777202,0.350822559
A13318152,0.01065954,12679,0.588789457,0.106276577,0.106927888,0.105783783,0.106333291,0.106061346
A13318152,0.01314156,18328,0.724761155,0.25760502,0.257386119,0.258110056,0.257158176,0.257765728
A13318152,0.011015642,8674,0.654716862,0.149897588,0.149161144,0.150541661,0.149884827,0.15000272
A13318152,0.025305569,9744,0.302200964,29.94948272,29.81101799,30.06628307,29.84136555,30.07926426
A13318152,0.028081229,10955,0.663260568,39.46464615,39.26167077,39.60902892,39.37459401,39.6132909
A13318152,0.029173668,8142,0.600192182,34.57446877,34.5047223,34.64956552,34.43405533,34.70953194
A13318152,0.027931567,9179,0.364110714,26.27199023,26.21038394,26.31924195,26.21971139,26.33862365
A13318152,0.012386474,23103,0.626516281,0.122409206,0.122262842,0.122462732,0.12213975,0.122771498
A13318152,0.022776706,10703,0.456941116,15.80136512,15.74914522,15.87056404,15.75083189,15.83491934
A13318152,0.027626533,11328,0.41814079,22.09144316,22.06829023,22.11830408,22.06432097,22.11485735
A13318152,0.019352401,8837,0.575854719,1.987371158,1.986188615,1.986317713,1.991902112,1.98507619
A13318152,0.018484557,15603,0.585445962,0.728147956,0.730276599,0.717431371,0.733273655,0.731610199
A13318152,0.025029473,12227,0.582781071,17.76665673,17.71936014,17.8222276,17.70125978,17.82377941
A13318152,0.036613293,12828,0.691997679,41.85415287,41.79030481,41.93234745,41.81435236,41.87960686
A13318152,0.034460929,13782,0.534920886,45.22804978,45.116933,45.33134579,45.17496686,45.28895346
A13318152,0.022554226,13386,0.605097406,2.824190554,2.815848315,2.81557831,2.855038847,2.810296744
A13318152,0.034981028,11178,0.494272072,29.96900746,29.96132883,29.96146864,29.96653408,29.98669827
A13318152,0.032036362,9114,0.643420976,22.14257237,22.1512217,22.11771676,22.15673399,22.14461704
A13318152,0.016960866,10949,0.706637631,0.48134748,0.484572011,0.472299186,0.487993123,0.480525599
A13318152,0.018238698,20904,0.705942713,1.44186098,1.442931294,1.441981394,1.447677322,1.434853911
A13318152,0.018049588,20471,0.670636838,1.030313875,1.041392681,1.017084574,1.032834618,1.029943625
A13318152,0.029867765,20262,0.451309684,49.12251501,48.95484868,49.26343547,48.98045115,49.29132475
A13318152,0.01803496,25723,0.360152735,0.945562819,0.948801003,0.937128246,0.952619379,0.943702648
A13318152,0.017372339,15168,0.613958405,1.525153971,1.523830651,1.529031289,1.525202635,1.522551309
A13318152,0.032223448,10636,0.838923382,38.38937798,38.34692438,38.36769936,38.24322789,38.5996603
A13318152,0.019559791,21944,0.696178916,5.917597781,5.900664706,5.930979013,5.899657485,5.939089919
A13318152,0.014820729,19925,0.859181492,0.204803202,0.207801677,0.199542843,0.20484347,0.207024817
A13318152,0.016982639,26624,0.610973352,0.739723478,0.744274112,0.738240124,0.743475253,0.732904424
A13318152,0.020486959,25583,0.861122867,14.2869019,14.27692183,14.34756611,14.18895529,14.33416436
A13318152,0.026861004,17271,0.833849244,42.19050635,42.13685374,42.33160964,41.81748219,42.47607983
A13318152,0.031217735,21370,0.541765492,32.2325875,32.19014233,32.32121789,32.11424153,32.30474824
A13318152,0.01471401,12409,0.571314661,0.257214815,0.2588714,0.256524906,0.258959221,0.254503732
A13318152,0.013530696,9700,0.643594829,0.242274382,0.241883255,0.242906539,0.242039732,0.242268001
A13318152,0.017160434,25406,0.595316052,1.187678818,1.188552875,1.185461072,1.190138987,1.186562337
A13318152,0.01479489,11453,0.606797778,0.195550385,0.199402711,0.19350159,0.196352956,0.192944282
A13318152,0.023331932,21293,0.531349522,7.87562389,7.874914711,7.875008028,7.875804823,7.876767997
A13318152,0.020200325,19792,0.658342444,4.249798476,4.242833893,4.254810167,4.241768234,4.259781611
A13318152,0.017295964,12682,0.574802583,0.741039416,0.748431187,0.733101185,0.743503188,0.739122102
A13318152,0.020062422,28302,0.82759106,9.156619963,9.153131878,9.183643777,9.101344398,9.188359799
A13318152,0.01432638,9534,0.494957167,0.226038423,0.227761799,0.224253273,0.226967337,0.225171281
A13318152,0.02029149,17973,0.691320918,5.780315361,5.768552651,5.792826134,5.775497094,5.784385564
A13318152,0.017814087,18674,0.530363033,2.714989133,2.711534299,2.71717646,2.708289412,2.722956362
A13318152,0.030237,13612,0.35181614,22.45089704,22.43205409,22.48337805,22.42003355,22.46812246
A13318152,0.014734498,22877,0.586160596,0.309397793,0.309857671,0.308654199,0.309654304,0.309424999
A13318152,0.01670157,20033,0.570281502,0.467821618,0.472135194,0.461012357,0.47132512,0.466813801
A13318152,0.032619254,10026,0.463752639,17.58179867,17.6183459,17.53440358,17.61271545,17.56172974
A13318152,0.015473682,14497,0.197108437,0.362541081,0.365165529,0.360244595,0.365035282,0.359718917
A13318152,0.017566499,26192,0.852579828,3.393293071,3.392754047,3.402348507,3.370596535,3.407473194
A13318152,0.018105962,20353,0.753270942,1.218870271,1.219351869,1.216070072,1.228170743,1.2118884
A13318152,0.014499341,8814,0.654604109,0.184336324,0.185792685,0.180613874,0.187083635,0.183855102
A13318152,0.01448353,9342,0.769141115,0.195755373,0.199452489,0.195314183,0.196934992,0.191319827
A13318152,0.01907836,28408,0.528699755,1.09259517,1.092672483,1.090969161,1.106013152,1.080725884
A13318152,0.027971366,10063,0.752975413,13.82132384,13.82461705,13.83522819,13.81441607,13.81103403
A13318152,0.02206711,30526,0.902602771,10.60963198,10.60896354,10.62183621,10.56065253,10.64707562
A13318152,0.011555962,14639,0.706653546,0.043394638,0.043940891,0.043541659,0.043147182,0.04294882
A13318152,0.016789311,10334,0.685232655,2.536064275,2.53259141,2.539842232,2.533443299,2.538380159
A13318152,0.013590983,10866,0.546623765,0.278360368,0.278152697,0.278814791,0.278157735,0.278316249
A13318152,0.012215841,11217,0.779279817,0.115164415,0.114803845,0.115495771,0.114696729,0.115661313
A13318152,0.02902798,17442,0.601707812,27.99389028,27.96766033,28.02106493,27.94296838,28.04386749
A13318152,0.024967308,23419,0.818252441,38.30891518,38.06404872,38.37348297,38.24992943,38.54819961
A13318152,0.013987254,30452,0.816673824,1.177797938,1.175896159,1.179109956,1.174494904,1.181690732
A13318152,0.018763692,7992,0.688062352,15.29835208,15.20837796,15.23968965,15.18011229,15.5652284
A13318152,0.018326518,18185,0.673492053,1.031717684,1.035521453,1.016363446,1.054522923,1.020462914
A13318152,0.025440753,10368,0.503565497,36.3084321,36.08525089,36.391954,36.19782608,36.55869742
A13318152,0.010653803,8726,0.365164114,0.081886689,0.082306568,0.081165034,0.082399544,0.081675609
A13318152,0.015626678,30261,0.863614478,4.110199523,4.098097774,4.110558096,4.094770851,4.13737137
A13318152,0.015468009,16971,0.42107299,1.639079255,1.637959008,1.641217206,1.637461834,1.639678972
A13318152,0.030470762,17431,0.539736315,32.77686822,32.73558771,32.7991197,32.7382703,32.83449518
A13318152,0.020655381,12665,0.675862279,14.21966226,14.16438999,14.27111147,14.15173781,14.29140978
A13318152,0.013974122,13190,0.116575678,0.300610042,0.302274121,0.299893132,0.301191569,0.299081344
A13318152,0.026261539,8864,0.475725628,19.82529462,19.79897399,19.84455401,19.79436554,19.86328495
A13318152,0.016643201,20646,0.707666177,5.081126651,5.066435517,5.106754407,5.067342961,5.083973718
A13318152,0.012092486,15204,0.699519106,0.091778941,0.091598536,0.091590043,0.092486716,0.091440467
A13318152,0.014205423,12703,0.583527612,0.277456424,0.279764128,0.276526195,0.279270351,0.274265022
A13318152,0.020572729,9193,0.786380349,13.33430659,13.24632401,13.4417089,13.29611956,13.3530739
A13318152,0.029706309,15200,0.529855379,57.67126387,57.4771258,57.78699917,57.4561744,57.9647561
A13318152,0.010736987,10185,0.651533575,0.091957165,0.092668045,0.091552055,0.092056484,0.091552075
A13318152,0.015062435,10421,0.654101221,0.493757747,0.495155001,0.49022251,0.497967798,0.49168568
A13318152,0.020071609,11687,0.521231353,4.27168728,4.267119131,4.279878968,4.266844507,4.272906512
A13318152,0.027641894,19939,0.505980883,33.94802821,33.84928788,33.94825221,33.88718572,34.10738702
A13318152,0.01171954,8335,0.877108961,0.025002822,0.025141093,0.024910288,0.024671363,0.025288545
A13318152,0.011759445,10658,0.498063582,0.01110481,0.011199621,0.011079629,0.011055023,0.011084966
A13318152,0.016151575,17776,0.494571244,0.463495965,0.468867484,0.458012296,0.467097794,0.460006285
A13318152,0.015961404,10841,0.461156581,0.544897279,0.548616436,0.539969828,0.550731964,0.540270888
A13318152,0.014516144,12967,0.518276047,0.199858127,0.20263621,0.196239186,0.202841765,0.197715348
A13318152,0.026216612,14760,0.634095543,28.70082749,28.59242618,28.83386259,28.62785258,28.7491686
A13318152,0.013471306,16745,0.68740334,0.253792637,0.253760633,0.253878605,0.253498982,0.254032328
A13318152,0.014446699,20700,0.57124198,0.25305653,0.254572638,0.250880406,0.254409432,0.252363644
A13318152,0.014847199,28143,0.875075751,1.072375598,1.069970601,1.076717148,1.068886985,1.073927656
A13318152,0.01526859,22875,0.747849515,0.494394772,0.494704574,0.492106129,0.498031563,0.49273682
A13318152,0.030926797,16242,0.664597063,38.78920249,38.66444622,38.8997204,38.75015959,38.84248374
A13318152,0.013559908,9772,0.783786958,0.277192009,0.277150444,0.277671409,0.276801745,0.277144438
A13318152,0.016501734,12736,0.606056786,2.509077687,2.506332742,2.513299479,2.500059021,2.516619504
A13318152,0.033169283,21883,0.496972002,38.05169056,38.02568691,38.08183106,38.01522326,38.084021
A13318152,0.012701376,11740,0.466542184,0.156875905,0.15627547,0.157882945,0.155941341,0.157403862
A13318152,0.030643489,20644,0.281954247,47.07242517,46.95678273,47.21509487,46.94954017,47.1682829
A13318152,0.019253819,25208,0.538934657,8.028437663,8.004415991,8.046452569,8.003452972,8.059429121
A13318152,0.030323594,10276,0.375567704,34.70362675,34.6343627,34.81275256,34.61542711,34.75196463
A13318152,0.016245149,22245,0.747377329,0.463364716,0.469053453,0.456396671,0.466335996,0.461672743
A13318152,0.025596436,14051,0.281544155,23.58065353,23.49548797,23.64162492,23.52101003,23.66449119
A13318152,0.024871091,9034,0.511704557,19.20683237,19.15088151,19.28711465,19.14757075,19.24176256
A13318152,0.028167076,22782,0.557024046,37.42507585,37.31392129,37.50418523,37.3324952,37.54970169
A13318152,0.011747108,10766,0.553449935,0.025431364,0.025319618,0.025328406,0.025384975,0.025692456
A13318152,0.012167598,11204,0.729241428,0.072617116,0.072242196,0.073425606,0.072203052,0.07259761
A13318152,0.0128894,20552,0.50610878,0.186187813,0.185566842,0.186605075,0.185637463,0.186941871
A13318152,0.013202857,24415,0.897344766,0.245376175,0.244690521,0.246346371,0.24478648,0.245681326
A13318152,0.017172982,12629,0.642322233,1.126820217,1.129300959,1.119851913,1.136227438,1.121900559
A13318152,0.013385875,22923,0.636732328,0.246823204,0.246486074,0.247081924,0.246612201,0.247112615
A13318152,0.030183152,23466,0.535070008,42.32979823,42.25694396,42.42618002,42.2041043,42.43196462
A13318152,0.013922708,14267,0.603479505,0.23628315,0.236848213,0.234655832,0.237722566,0.23590599
A13318152,0.012181991,12855,0.469920657,0.115328803,0.115637782,0.115268792,0.115272364,0.115136273
A13318152,0.016284062,24799,0.785984705,2.940965659,2.934525483,2.940608925,2.936925282,2.951802946
A13318152,0.013059592,13465,0.468227004,0.268983815,0.268952317,0.268488895,0.270464414,0.268029635
A13318152,0.02055729,18672,0.557292991,9.853198525,9.823149428,9.87702815,9.839819266,9.872797255
A13318152,0.018129774,8803,0.735511451,18.869608,18.63860227,19.06939035,18.8250132,18.94542618
A13318152,0.024569773,16638,0.338311341,28.65030385,28.53995717,28.75556507,28.55925687,28.74643627
A13318152,0.035168548,9414,0.518279643,54.6112121,54.44397896,54.75219653,54.5246607,54.72401219
A13318152,0.024266323,18781,0.453416251,35.05055923,34.9142281,35.13803808,34.92097214,35.2289986
A13318152,0.036267219,13297,0.367531771,39.40520289,39.42228273,39.38655877,39.43879846,39.37317161
A13318152,0.016929678,30352,0.310371445,1.122648835,1.123920641,1.123975204,1.130087584,1.112611909
A13318152,0.019376063,14919,0.703729616,7.485077748,7.464291147,7.534933981,7.454431229,7.486654636
A13318152,0.020332571,16527,0.742915602,10.63270678,10.57803512,10.65058074,10.62144223,10.68076903
A13318152,0.016664969,27559,0.593550918,1.286851083,1.290721576,1.288492028,1.286353892,1.281836837
A13318152,0.016092473,21135,0.297470637,0.776488544,0.781148275,0.76999792,0.776523863,0.778284116
A13318152,0.012869177,16627,0.317108644,0.259246176,0.259527656,0.25889735,0.25975645,0.258803246
A13318152,0.01976547,18271,0.715955972,9.663245523,9.619802667,9.676936873,9.651122108,9.705120444
A13318152,0.011223888,14239,0.735779613,0.026515535,0.027803951,0.025060817,0.026696236,0.026501135
A13318152,0.03298094,16468,0.335183939,69.29447556,69.09802039,69.51465418,69.08735239,69.47787528
A13318152,0.013347809,11111,0.657744684,0.334919604,0.336724306,0.334798581,0.334836719,0.333318808
A13318152,0.014544346,21562,0.574840518,0.436035371,0.437095881,0.436728667,0.437029224,0.433287713
A13318152,0.01812715,8868,0.533520377,2.674835982,2.680550281,2.671593728,2.677002992,2.670196927
A13318152,0.013536684,13358,0.434603504,0.284612415,0.286593117,0.285291025,0.283955999,0.282609518
A13318152,0.023683069,8121,0.461009135,9.883542654,9.885715066,9.881816367,9.886200001,9.880439181
A13318152,0.03077577,17093,0.470734133,79.93906294,79.6995292,79.94320325,79.59342899,80.52009031
A13318152,0.017229832,9985,0.617056931,2.373125084,2.372704495,2.374431279,2.369849268,2.375515292
A13318152,0.018649004,12185,0.748866446,17.53137001,17.46012266,17.80180179,17.37415532,17.48940027
A13318152,0.022422791,11122,0.731123373,9.068872435,9.044421267,9.066873873,9.06812372,9.096070878
A13318152,0.018067969,26200,0.458522304,4.466072644,4.45764226,4.470761834,4.457808665,4.478077818
A13318152,0.031173653,12816,0.636056318,34.71072328,34.6810394,34.72618804,34.64062981,34.79503588
A13318152,0.02463894,24591,0.692446515,4.548743065,4.561277333,4.53792262,4.594945525,4.500826783
A13318152,0.01356828,20345,0.589569516,0.406049427,0.405215899,0.407506267,0.405031852,0.40644369
A13318152,0.022156614,29495,0.575073326,2.951690668,2.981691714,2.930368135,2.966340756,2.928362066
A13318152,0.017848682,20474,0.74652608,0.832869776,0.850804138,0.828211616,0.833920319,0.818543031
A13318152,0.021325726,29724,0.931584357,15.60929292,15.52420906,15.60727519,15.58438101,15.7213064
A13318152,0.021018783,30126,0.55668064,14.50864841,14.48918625,14.56132356,14.44575576,14.53832808
A13318152,0.013671443,11151,0.798943543,0.26165272,0.261617898,0.261734488,0.261719553,0.261538941
A13318152,0.014375374,15518,0.742749836,0.294043901,0.294204965,0.292979857,0.296744102,0.292246679
A13318152,0.014093392,9100,0.826464234,0.250310741,0.251073802,0.250383079,0.251325582,0.248460499
A13318152,0.013936909,12201,0.634325158,0.240185368,0.241238711,0.239343366,0.240431639,0.239727757
A13318152,0.014615044,14881,0.519609255,0.392088425,0.394136014,0.390524392,0.392951874,0.39074142
A13318152,0.019197957,26672,0.806163185,5.483144057,5.478483406,5.488707192,5.471482737,5.493902893
A13318152,0.020012493,8313,0.271445443,12.29568919,12.24045719,12.37871036,12.22597729,12.33761192
A13318152,0.017755265,21782,0.679770551,0.954388291,0.957973526,0.942614456,0.966670139,0.950295041
A13318152,0.012225677,14286,0.669926116,0.100125402,0.099884645,0.100413273,0.099430628,0.100773061
A13318152,0.029949766,8488,0.69785854,26.7278351,26.69977795,26.77216363,26.71147047,26.72792836
A13318152,0.014130412,19964,0.686449599,0.271182469,0.272458915,0.270595883,0.271719138,0.269955939
A13318152,0.041698709,11271,0.603140617,75.87887416,75.80455706,76.01256393,75.7487148,75.94966085
A13318152,0.017038195,11933,0.672470003,5.018532606,5.005066659,5.04853942,4.986923172,5.033601173
A13318152,0.017454741,23531,0.803346156,8.333226716,8.317609879,8.358959924,8.273855918,8.382481144
A13318152,0.016304563,21613,0.603416186,2.616509504,2.611152464,2.618186018,2.610875176,2.625824357
A13318152,0.011458885,10010,0.798891008,0.009452107,0.009502365,0.009514744,0.009401305,0.009390015
A13318152,0.021689556,10029,0.580846092,9.853707596,9.843521446,9.863015704,9.826785702,9.881507532
A13318152,0.014941588,13328,0.523398767,1.812546317,1.808385992,1.818405279,1.806712287,1.816681708
A13318152,0.012843459,24665,0.696226407,0.200870588,0.200211026,0.201157237,0.20083821,0.201275879
A13318152,0.019579552,12360,0.818511937,11.51632997,11.5073012,11.55880043,11.43100723,11.568211
A13318152,0.016343299,16407,0.575071325,3.530569143,3.519168703,3.537337963,3.52117387,3.544596037
A13318152,0.018190608,28141,0.543928197,0.723745428,0.734065577,0.720160178,0.729695583,0.711060372
A13318152,0.026324624,19663,0.585373159,14.48554484,14.49083928,14.48322685,14.49359729,14.47451592
A13318152,0.012503101,22716,0.640763705,0.153899156,0.153595645,0.154175421,0.153381411,0.154444148
A13318152,0.024726395,11097,0.665620749,12.18192323,12.18644708,12.18035507,12.17900173,12.18188902
A13318152,0.016160802,12390,0.8229784,5.309089565,5.259108922,5.329380395,5.299543173,5.348325768
A13318152,0.01767677,8723,0.753430918,3.945375787,3.930945941,3.950760483,3.94160087,3.958195852
A13318152,0.021609017,11576,0.646563732,10.60024259,10.57218084,10.63138176,10.58703735,10.6103704
A13318152,0.010871878,9776,0.287571992,0.092876587,0.09278086,0.093179457,0.092923957,0.092622075
A13318152,0.024656773,11933,0.567165928,16.74475532,16.71227383,16.7834124,16.6979085,16.78542655
A13318152,0.015106803,14593,0.743415603,2.202859898,2.19176072,2.213844367,2.198832634,2.207001872
A13318152,0.021867813,8924,0.356271249,13.99595033,13.94166319,14.02885209,13.95892551,14.05436051
A13318152,0.012251177,19146,0.703321532,0.141639947,0.141320287,0.141702347,0.141764185,0.141772968
A13318152,0.024093374,12911,0.512181223,20.4087951,20.34653158,20.49279799,20.34071643,20.45513441
A13318152,0.028737416,11788,0.706754389,39.67979766,39.63318168,39.85223768,39.45973361,39.77403765
A13318152,0.016105658,30975,0.779691015,8.196326771,8.15638148,8.247315413,8.166237447,8.215372742
A13318152,0.027143438,10201,0.502096235,64.05924746,63.53208987,64.6602731,63.79161494,64.25301193
A13318152,0.020400581,19307,0.794746739,35.81742458,35.76553857,35.9645607,35.45098451,36.08861454
A13318152,0.013887555,23797,0.413490467,0.354486314,0.354441586,0.354375614,0.354497627,0.354630427
A13318152,0.019087959,12930,0.688593745,6.385895541,6.363789054,6.395766924,6.371844909,6.412181277
A13318152,0.021838036,10946,0.581454987,20.87139868,20.74055421,20.96060228,20.82431745,20.96012076
A13318152,0.010865848,12445,0.495946088,0.06514458,0.065361583,0.063283988,0.066051046,0.065881703
A13318152,0.017542394,15611,0.460382891,5.41484175,5.398754125,5.424220921,5.399877467,5.436514487
A13318152,0.01334198,31306,0.847870473,1.622201884,1.614677761,1.629345882,1.618867619,1.625916272
A13318152,0.022001844,17248,0.417040934,32.53810027,32.36583723,32.72901744,32.39692421,32.66062218
A13318152,0.024485752,14422,0.740460467,34.28238824,34.15032923,34.31298139,34.09606372,34.57017861
A13318152,0.020567815,7968,0.539083959,6.775423114,6.771793301,6.781379262,6.769061424,6.77945847
A13318152,0.012690568,15894,0.453076541,0.197084546,0.19715838,0.19707535,0.196261947,0.197842506
A13318152,0.014570563,15238,0.548649032,0.312365469,0.315245345,0.311024313,0.313241427,0.309950789
A13318152,0.022996866,13004,0.699697372,29.5145655,29.34665578,29.76262182,29.43339991,29.51558447
A13318152,0.014577136,17064,0.618009753,0.297125911,0.298136272,0.296775773,0.299537027,0.294054572
A13318152,0.022193857,12904,0.484430557,17.92184751,17.84118031,18.01913036,17.87987131,17.94720804
A13318152,0.029338566,16601,0.753467784,66.62475902,66.11845198,66.95733716,66.63095519,66.79229174
A13318152,0.017594626,21508,0.358606503,0.706482621,0.717151329,0.698927549,0.713119096,0.696732509
A13318152,0.011962946,10283,0.671878412,0.191860841,0.191463969,0.192091022,0.191871538,0.192016834
A13318152,0.017615974,23041,0.611360799,0.677666209,0.683104028,0.665018487,0.686867806,0.675674513
A13318152,0.016477448,21973,0.678768651,4.919253528,4.894477753,4.936039046,4.910315346,4.936181968
A13318152,0.01205986,12030,0.486581103,0.069171673,0.069029065,0.068943669,0.068822995,0.069890961
A13318152,0.024398371,16517,0.584447893,21.4406957,21.39190619,21.44835107,21.39687262,21.5256529
A13318152,0.015596059,12692,0.424938437,2.402852752,2.395691683,2.410922704,2.396166934,2.408629686
A13318152,0.011963299,7963,0.386788885,0.16393764,0.164328831,0.164274273,0.163864487,0.163282967
A13318152,0.017228953,16557,0.520302125,0.596924241,0.609073952,0.588093523,0.60228318,0.588246309
A13318152,0.012721961,19931,0.530640607,0.231229514,0.230836073,0.231599827,0.230765389,0.231716767
A13318152,0.013360741,12524,0.450266264,0.25665705,0.256499805,0.256862567,0.256652554,0.256613273
A13318152,0.017763246,26039,0.498379723,0.922755634,0.928245095,0.913229192,0.932839443,0.916708804
A13318152,0.016325222,11161,0.849739215,4.868502839,4.862242649,4.902846295,4.82669024,4.882232172
A13318152,0.026597345,13206,0.537172266,21.51632462,21.47430951,21.55349278,21.49394094,21.54355524
A13318152,0.034540261,18689,0.538369091,82.08261365,81.86644209,82.15940081,81.82576843,82.47884328
A13318152,0.018071578,12296,0.73720748,6.991020654,6.963785887,7.038672402,6.966273289,6.995351036
A13318152,0.022275439,12400,0.523565782,17.40253821,17.33772482,17.43479228,17.35263711,17.48499864
A13318152,0.013585952,26004,0.827512342,0.9579699,0.955526889,0.961129009,0.956102559,0.959121142
A13318152,0.030537533,12226,0.49263187,34.82347085,34.75627888,34.89513892,34.7467206,34.89574501
A13318152,0.033401131,13770,0.480245613,95.32389303,94.92194671,95.70171994,94.92671568,95.74518977
A13318152,0.027041196,9416,0.296522754,19.72488547,19.7021841,19.74136976,19.70732782,19.74866018
A13318152,0.01535489,28714,0.804519788,4.55132804,4.541066655,4.5762687,4.526312135,4.56166467
A13318152,0.024288637,11394,0.496392824,13.48298259,13.46594469,13.4967584,13.47617308,13.49305418
A13318152,0.015185647,13591,0.56516662,0.81047047,0.810380997,0.807541385,0.813264475,0.810695022
A13318152,0.014128032,12231,0.255935932,1.010707023,1.007857536,1.013482612,1.007378221,1.014109724
A13318152,0.024977386,15191,0.774512986,15.34533739,15.33631929,15.36431631,15.31740522,15.36330872
A13318152,0.027366914,24910,0.301432167,11.77116638,11.79425161,11.74223439,11.79905684,11.74912269
A13318152,0.022847374,9741,0.662392556,7.011065559,7.024463028,7.010741951,7.029614234,6.979443021
A13318152,0.026421095,16965,0.376187074,19.97277597,19.95226891,19.99429271,19.94922599,19.99531628
A13318152,0.021588907,9538,0.71348653,7.071866662,7.072488946,7.066440875,7.0754869,7.073049928
A13318152,0.011398074,8922,0.57134505,0.045909052,0.046242181,0.045301807,0.046111984,0.045980237
A13318152,0.011107795,16095,0.316730092,0.11532331,0.115259084,0.115737307,0.115388353,0.114908494
A13318152,0.020118163,14734,0.678663447,7.353978615,7.338980489,7.371774494,7.344024128,7.361135348
A13318152,0.011724411,11375,0.629184076,0.068301337,0.06895217,0.068107316,0.068608603,0.06753726
A13318152,0.014977595,19053,0.748302195,0.375592589,0.376601909,0.375989443,0.379700797,0.370078207
A13318152,0.011032308,9923,0.706662963,0.060921713,0.06098526,0.061153918,0.062264634,0.05928304
A13318152,0.015037008,27391,0.661441458,0.467685604,0.469567257,0.468290099,0.468789955,0.464095106
A13318152,0.015792907,21300,0.839704622,2.340941374,2.335334007,2.341494523,2.336126614,2.350810351
A13318152,0.029105296,17581,0.402571704,24.7458525,24.72795965,24.76033933,24.73050157,24.76460946
A13318152,0.015767006,19474,0.499206251,0.565059229,0.570059891,0.563021809,0.56742914,0.559726075
A13318152,0.016342556,20045,0.73588332,0.863725129,0.865450126,0.860490732,0.872747005,0.856212651
A13318152,0.031489007,9442,0.703955355,16.75830956,16.91644647,16.67870272,16.804413,16.63367603
A13318152,0.023448295,23388,0.50665016,30.89798493,30.85582141,30.98905895,30.74235913,31.00470023
A13318152,0.030625479,12065,0.720856212,15.44004514,15.45694944,15.34291031,15.57080989,15.3895109
A13318152,0.01623589,22828,0.690597722,0.77307498,0.778820712,0.772649603,0.774154581,0.766675023
A13318152,0.027040314,10720,0.203625236,28.24031493,28.14720831,28.30829787,28.16729592,28.33845762
A13318152,0.018271957,26058,0.485968586,1.47671041,1.486225245,1.470631006,1.483179629,1.46680576
A13318152,0.018424065,22973,0.645910224,1.797921748,1.809321277,1.795943575,1.802520701,1.783901437
A13318152,0.016180415,21532,0.606527824,0.75560559,0.758429448,0.754817091,0.759595887,0.749579932
A13318152,0.022985564,24633,0.597133987,17.75710221,17.7341251,17.78430287,17.70141996,17.80856089
A13318152,0.047387005,13887,0.591995329,198.7993107,197.7410517,199.338648,198.4621929,199.65535
A13318152,0.011733904,20655,0.750692611,0.081527846,0.082547099,0.081536658,0.08096428,0.081063347
A13318152,0.0106418,12312,0.735085239,0.080146734,0.081218147,0.079954017,0.080133152,0.079281619
A13318152,0.011893014,8503,0.484521451,0.087215662,0.087612473,0.086212895,0.087576545,0.087460734
A13318152,0.011644289,16694,0.323776729,0.038267344,0.038715622,0.037971455,0.038403946,0.037978352
A13318152,0.024494919,24492,0.313553701,21.47567776,21.43119552,21.51803876,21.43334925,21.52012749
A13318152,0.029646423,20621,0.627185983,24.34601562,24.34011426,24.35208841,24.34153939,24.35032041
A13318152,0.013080742,12494,0.489883312,0.357011579,0.356046934,0.357720443,0.358108593,0.356170345
A13318152,0.015028632,11167,0.671987442,1.514950923,1.508741266,1.518825393,1.51389106,1.518345972
A13318152,0.015376843,16986,0.662283632,0.60775421,0.610321447,0.602719403,0.609849692,0.608126298
A13318152,0.010931141,8750,0.646874661,0.056123368,0.056401186,0.054256228,0.057642865,0.056193193
A13318152,0.019115424,27100,0.852358893,14.83472077,14.7325774,14.91366863,14.82070547,14.87193159
A13318152,0.018185921,28854,0.445958959,3.231480273,3.232377904,3.230011938,3.231892009,3.231639242
A13318152,0.015465161,8623,0.752156087,0.939098557,0.940660903,0.940281785,0.942872596,0.932578942
A13318152,0.017880811,9858,0.530315306,4.7878268,4.776060366,4.79742422,4.773422005,4.804400608
A13318152,0.02140491,24217,0.481471392,20.44704386,20.36055912,20.51146537,20.4002619,20.51588904
A13318152,0.023097793,24075,0.240727389,29.64867441,29.53916732,29.79117609,29.56128931,29.70306493
A13318152,0.029673664,22140,0.404826679,41.6692285,41.5920139,41.77420842,41.58859416,41.72209753
A13318152,0.017947589,21375,0.717798947,1.747557249,1.755856665,1.742214492,1.746287411,1.745870426
A13318152,0.020270564,9421,0.616626077,6.856932998,6.84215354,6.863723726,6.850127267,6.871727459
A13318152,0.015967691,11859,0.861132313,2.017180677,2.014963637,2.026769662,2.010493413,2.016495996
A13318152,0.036050574,17771,0.30947388,68.24742256,68.09974553,68.38809418,68.09823614,68.40361438
A13318152,0.016810184,14750,0.450469637,0.692573831,0.698549912,0.688285816,0.697643323,0.685816273
A13318152,0.0109245,10075,0.286985797,0.055965831,0.056470179,0.054955803,0.056517456,0.055919886
A13318152,0.034091495,11578,0.380281843,21.90064534,21.99501144,21.81248104,22.02820885,21.76688003
A13318152,0.017089993,17399,0.748126467,0.737745546,0.742079234,0.720581475,0.747929854,0.740391622
A13318152,0.037700618,14032,0.28775343,49.63607668,49.62731614,49.64599892,49.63116533,49.63982631
A13318152,0.020942688,9607,0.472980194,6.866285385,6.863201302,6.871605382,6.861689116,6.868645741
A13318152,0.012050751,29937,0.565423362,0.11107341,0.110987228,0.111025146,0.111200524,0.111080742
A13318152,0.027739652,20066,0.57833056,37.20932588,37.08667135,37.27455045,37.13213564,37.34394606
A13318152,0.014443258,8861,0.587136388,0.378462326,0.380085491,0.375239975,0.380021603,0.378502234
A13318152,0.012715133,15344,0.825605086,0.229244433,0.227881966,0.230876001,0.229068231,0.229151534
A13318152,0.012841971,13723,0.586264141,0.253252158,0.2529628,0.252984264,0.252268104,0.254793462
A13318152,0.013332441,16141,0.612017458,0.263848287,0.263252245,0.263892854,0.263928382,0.264319665
A13318152,0.028698156,12522,0.274025125,45.44991089,45.33358704,45.68024626,45.18733695,45.59847329
A13318152,0.025003768,14473,0.28444576,26.76190072,26.69074782,26.86142608,26.62491313,26.87051586
A13318152,0.025914226,14513,0.386592908,28.23574548,28.15853179,28.33897946,28.14956248,28.29590819
A13318152,0.017747722,20922,0.361715177,2.11306812,2.118543975,2.110090853,2.11585494,2.107782713
A13318152,0.038680163,13936,0.534971201,63.1300855,63.06520121,63.16000036,63.06668934,63.2284511
A13318152,0.024085543,10201,0.408000295,11.93309136,11.92659745,11.93903507,11.92547498,11.94125794
A13318152,0.01878533,21363,0.312580614,1.429814825,1.440545646,1.419456468,1.440531776,1.41872541
A13318152,0.010676264,10908,0.812053411,0.08127967,0.081763146,0.080016641,0.082277613,0.081061278
A13318152,0.022653657,11119,0.879890013,16.58171809,16.57053437,16.56719022,16.47163631,16.71751144
A13318152,0.012989792,17359,0.790707734,0.944099327,0.939214704,0.943245851,0.942580315,0.951356437
A13318152,0.011562307,11026,0.842152982,0.029114594,0.03209433,0.028061745,0.028227655,0.028074647
A13318152,0.017683669,14963,0.457149285,3.051347151,3.048557001,3.052273355,3.051056149,3.053502098
A13318152,0.011401743,9211,0.862881389,0.02811512,0.028583631,0.029766543,0.02804957,0.026060734
A13318152,0.025443805,8779,0.544307574,15.43185096,15.41480056,15.45206789,15.42146599,15.43906938
A13318152,0.016870561,18962,0.712094266,0.911612363,0.921343239,0.90631905,0.914759497,0.904027665
A13318152,0.012590448,11437,0.503044301,0.259591239,0.258894859,0.259237317,0.259764023,0.260468758
A13318152,0.025676506,12274,0.430426233,26.05009305,25.95283276,26.14520158,25.98295719,26.11938068
A13318152,0.012309414,13737,0.59966154,0.149718665,0.149069795,0.150384143,0.149518606,0.149902117
A13318152,0.013620767,19346,0.453989311,0.277034752,0.277168816,0.276343778,0.277662321,0.276964091
A13318152,0.023045562,9260,0.395782963,36.45813598,36.23647496,36.68116824,36.25852289,36.65637784
A13318152,0.012819711,28157,0.323078659,0.206686522,0.206406329,0.206702304,0.206264613,0.20737284
A13318152,0.012182678,12964,0.771801765,0.130741699,0.130511369,0.130749171,0.130458955,0.131247299
A13318152,0.013171247,22230,0.68615853,0.262343426,0.261550495,0.262400036,0.262522713,0.262900458
A13318152,0.02662644,11273,0.586060922,48.25900355,48.03825751,48.3174049,48.07146192,48.60888987
A13318152,0.018925542,13689,0.435080856,1.659406906,1.669088175,1.645557022,1.678095578,1.644886849
A13318152,0.016905769,16721,0.621790101,5.912270421,5.883668751,5.926341674,5.903864761,5.935206497
A13318152,0.020473894,15465,0.634319739,14.39326379,14.35501634,14.46536209,14.30024378,14.45243296
A13318152,0.022531004,9430,0.506177581,17.45858936,17.38105971,17.47070621,17.41064271,17.57194879
A13318152,0.029879074,13024,0.574708101,41.74085296,41.5559335,41.92229963,41.67276956,41.81240915
A13318152,0.017487918,24543,0.712605832,9.323833799,9.284649911,9.335159315,9.288073784,9.387452184
A13318152,0.021155597,26346,0.803322552,15.3876963,15.34900887,15.42810644,15.34197829,15.4316916
A13318152,0.014381229,11874,0.646501073,0.9096699,0.907901646,0.912207814,0.909744637,0.908825504
A13318152,0.018579305,16853,0.467799851,3.71952184,3.720853186,3.721754169,3.719994353,3.715485651
A13318152,0.023726871,9575,0.318004382,25.68829887,25.55659346,25.78489202,25.58993789,25.8217721
A13318152,0.022179774,16084,0.514126721,9.993389922,9.979448099,10.00589728,9.98454455,10.00366976
A13318152,0.012644143,13614,0.541523637,0.229204588,0.22868212,0.229759127,0.22888163,0.229495473
A13318152,0.035955819,21221,0.578187609,87.84712768,87.60928073,88.27212155,87.64273347,87.86437496
A13318152,0.026500727,24284,0.600828479,68.17986767,67.81622284,68.51236861,67.9681977,68.42268151
A13318152,0.03009808,9569,0.463484978,39.48404972,39.37883428,39.6056451,39.35015293,39.60156655
A13318152,0.018963388,26592,0.447932755,5.926271175,5.918872066,5.936093328,5.917747961,5.932371346
A13318152,0.018710264,8853,0.638801755,2.701894804,2.70251562,2.687851557,2.714104847,2.70310719
A13318152,0.01927876,14558,0.809486484,7.08449927,7.068113544,7.089413508,7.05416627,7.126303756
A13318152,0.016404771,15400,0.411945998,4.863033372,4.839548533,4.879241199,4.848879428,4.884464328
A13318152,0.021441059,18833,0.789981397,11.88560271,11.84203135,11.90751884,11.86618792,11.92667272
A13318152,0.012163108,10100,0.780719539,0.164577311,0.164339754,0.164371732,0.163506648,0.16609111
A13318152,0.013565249,18897,0.505870551,0.472556612,0.473217044,0.473012238,0.472564357,0.471432809
A13318152,0.02546793,26711,0.84001113,41.10076374,40.86234692,41.31030508,41.06687333,41.16352963
A13318152,0.021066057,12982,0.504717017,10.57384014,10.55038729,10.58472447,10.5512623,10.60898648
A13318152,0.040275466,8556,0.234441006,54.11276697,54.14113135,54.08149383,54.1345632,54.09387949
A13318152,0.012374863,10539,0.388738016,0.18931563,0.189398873,0.188937932,0.189850893,0.189074823
A13318152,0.013895572,17918,0.727251793,0.288977415,0.291736975,0.287947012,0.289359467,0.286866207
A13318152,0.02297341,15602,0.528021275,16.71792928,16.68764886,16.76735368,16.66059374,16.75612084
A13318152,0.018899304,24080,0.747971583,7.232521369,7.206216644,7.258748201,7.21001621,7.255104421
A13318152,0.020494465,10154,0.803187348,14.30349939,14.21827036,14.51001135,14.21365069,14.27206515
A13318152,0.018908217,27412,0.649935716,1.742258256,1.747790041,1.727962299,1.755706418,1.737574265
A13318152,0.014970644,14270,0.350859131,1.871533119,1.866360915,1.877667506,1.865720323,1.87638373
A13318152,0.012014772,14638,0.513820305,0.109159711,0.10959388,0.108901458,0.109375651,0.108767856
A13318152,0.012129753,15009,0.353591776,0.143321457,0.143491372,0.142832928,0.143767929,0.1431936
A13318152,0.014115239,30713,0.458467025,0.490872238,0.492443369,0.490797249,0.490128156,0.490120176
A13318152,0.018809067,18485,0.618105913,4.050196775,4.040196907,4.067089398,4.046269457,4.047231339
A13318152,0.018197986,10011,0.68302984,1.756494537,1.767383872,1.761164017,1.760410655,1.737019603
A13318152,0.021723459,13324,0.648528321,2.942329339,2.966819491,2.967977715,2.948437068,2.886083082
A13318152,0.021527297,15986,0.697173332,14.77914193,14.72562671,14.78773199,14.75242084,14.85078818
A13318152,0.014065327,13319,0.558132829,0.315686709,0.316727427,0.314114399,0.317345438,0.314559572
A13318152,0.015364971,23620,0.74877466,1.191984591,1.191481366,1.189857106,1.193125796,1.193474095
A13318152,0.032662216,27739,0.559656666,48.2813798,48.24882816,48.31552512,48.16649541,48.39467051
A13318152,0.029811032,9395,0.508238844,20.98423695,20.99957544,20.96015989,21.01506412,20.96214833
A13318152,0.019628004,16209,0.791233781,8.6644092,8.616084129,8.662312438,8.64407881,8.735161424
A13318152,0.016985533,29390,0.532315732,1.541877256,1.544750699,1.53996068,1.545621338,1.537176305
A13318152,0.011837879,14954,0.670373332,0.092230047,0.092340777,0.092701273,0.093159667,0.090718472
A13318152,0.01785758,12831,0.845003785,2.57342323,2.577646929,2.566653721,2.574262983,2.575129288
A13318152,0.026114313,11521,0.771978783,12.58103946,12.57480772,12.57401925,12.60701293,12.56831793
A13318152,0.012929778,19301,0.560106767,0.268446486,0.269476269,0.268253775,0.267897815,0.268158084
A13318152,0.016012972,18576,0.791011329,4.019710273,4.015578188,4.031412535,3.994760855,4.037089513
A13318152,0.011303808,8374,0.546157358,0.052130597,0.053024111,0.050812375,0.053203641,0.051482259
A13318152,0.019240273,18070,0.788366172,9.673924738,9.666545901,9.715002726,9.602574109,9.711576216
A13318152,0.013736482,14252,0.667038385,0.417548356,0.418849851,0.41689173,0.418638375,0.415813469
A13318152,0.033196292,9039,0.599604022,38.64856101,38.62008614,38.68347704,38.58222569,38.70845518
A13318152,0.016647295,9374,0.492285784,1.043606759,1.04927562,1.039459051,1.04899747,1.036694896
A13318152,0.012033281,8152,0.863127005,0.236917602,0.235940277,0.238840277,0.23595902,0.236930835
A13318152,0.012138936,13404,0.663296121,0.112619371,0.112162949,0.11297279,0.113541158,0.111800588
A13318152,0.019264817,29190,0.859040263,14.32780574,14.27768628,14.31894413,14.2803116,14.43428096
A13318152,0.015277798,24378,0.620570773,0.587818936,0.589600468,0.586635846,0.591235905,0.583803525
A13318152,0.017549309,29410,0.865929145,8.528594595,8.51775171,8.559223048,8.478905657,8.558497963
A13318152,0.011338867,8973,0.693870779,0.035471914,0.037065463,0.03459067,0.035700441,0.03453108
A13318152,0.018728205,15831,0.399772378,8.14724607,8.119990034,8.174779766,8.129064975,8.165149504
A13318152,0.012362868,13884,0.656216821,0.142886058,0.142673837,0.143216155,0.142657812,0.142996427
A13318152,0.019313524,10062,0.268792592,8.069374351,8.033673835,8.101165851,8.041171212,8.101486507
A13318152,0.012096701,10264,0.570154865,0.094053097,0.093496435,0.093899548,0.094584869,0.094231535
A13318152,0.014470847,9420,0.416989718,0.717729628,0.716827806,0.720402139,0.717937615,0.71575095
A13318152,0.012680351,12168,0.75484272,0.252915181,0.252679846,0.254390505,0.25382223,0.250768141
A13318152,0.010624672,11299,0.730619303,0.090438756,0.091396274,0.089564449,0.091852325,0.088941974
A13318152,0.032171661,13077,0.638635528,31.53022516,31.52458914,31.54542749,31.51151747,31.53936654
A13318152,0.028881919,8995,0.346750558,16.50409486,16.52611874,16.48072269,16.52837445,16.48116355
A13318152,0.013363362,11876,0.653139204,0.829989281,0.827332337,0.831898192,0.826955081,0.833771512
A13318152,0.026432256,12423,0.752121306,19.23462808,19.20082646,19.23953382,19.22079247,19.27735958
A13318152,0.012121754,10120,0.390106796,0.288287248,0.288868728,0.288209082,0.28806489,0.288006293
A13318152,0.013178315,15740,0.475242553,0.487308064,0.486817669,0.488786221,0.484961383,0.488666983
A13318152,0.020458022,10086,0.501635245,8.195065117,8.179217667,8.209849268,8.173922259,8.217271275
